sku_id,week_start,y,seasonal_naive,model
15036,2011-10-17,194.0,831.0,326.5925800143163
15056N,2011-10-17,61.0,55.0,50.21063187604387
16014,2011-10-17,20.0,20.0,2.5148729438939994
16033,2011-10-17,0.0,360.0,0.0
16156S,2011-10-17,50.0,200.0,119.86997210736516
16161P,2011-10-17,125.0,350.0,174.4067397522344
17003,2011-10-17,204.0,925.0,240.29755564973277
20668,2011-10-17,1337.0,198.0,95.04691395086455
20711,2011-10-17,12.0,180.0,103.67333805387005
20712,2011-10-17,216.0,196.0,212.5845190463817
20713,2011-10-17,0.0,342.0,319.569914306657
20718,2011-10-17,149.0,116.0,67.87915160941564
20719,2011-10-17,311.0,268.0,208.94466801768945
20723,2011-10-17,137.0,402.0,211.28057026087916
20724,2011-10-17,447.0,501.0,281.81771147942607
20725,2011-10-17,276.0,524.0,298.6902335012084
20726,2011-10-17,103.0,280.0,182.41673454449602
20727,2011-10-17,148.0,261.0,232.49490868604676
20728,2011-10-17,238.0,170.0,185.42217201909716
20914,2011-10-17,93.0,185.0,110.56073727073814
20971,2011-10-17,246.0,373.0,1019.0074171018066
20972,2011-10-17,121.0,768.0,203.5983683955062
20974,2011-10-17,196.0,166.0,145.63063855703732
20975,2011-10-17,225.0,748.0,230.6320641990927
21080,2011-10-17,288.0,383.0,151.5885493417649
21085,2011-10-17,0.0,0.0,0.0
21086,2011-10-17,45.0,386.0,129.67317122750563
21088,2011-10-17,2.0,0.0,50.06067819984237
21091,2011-10-17,0.0,0.0,0.0
21092,2011-10-17,0.0,0.0,0.0
21094,2011-10-17,144.0,219.0,173.85844422480116
21096,2011-10-17,3.0,1.0,506.7895459679981
21099,2011-10-17,0.0,0.0,0.0
21108,2011-10-17,262.0,124.0,32.08211653563082
21121,2011-10-17,490.0,341.0,133.84346118571568
21122,2011-10-17,175.0,271.0,133.49256511314036
21137,2011-10-17,184.0,401.0,116.21279620257268
21166,2011-10-17,77.0,178.0,273.2103119682165
21175,2011-10-17,68.0,221.0,201.96423410172258
21181,2011-10-17,135.0,409.0,374.0775820346523
21210,2011-10-17,214.0,148.0,112.44941395725697
21212,2011-10-17,503.0,1561.0,453.6589923886384
21213,2011-10-17,384.0,550.0,360.7475808964579
21231,2011-10-17,182.0,421.0,138.14207904935276
21232,2011-10-17,259.0,410.0,177.4057010792673
21326,2011-10-17,80.0,134.0,227.43217214789684
21495,2011-10-17,250.0,75.0,78.15954239072623
21497,2011-10-17,125.0,175.0,347.8127540315949
21498,2011-10-17,100.0,525.0,199.00597775245942
21499,2011-10-17,75.0,225.0,129.2600601712046
21500,2011-10-17,175.0,300.0,117.88685031971688
21703,2011-10-17,180.0,307.0,205.0558705976745
21704,2011-10-17,184.0,234.0,109.2646607989496
21731,2011-10-17,429.0,792.0,328.5622232063589
21733,2011-10-17,89.0,351.0,130.381759116512
21787,2011-10-17,34.0,659.0,471.2643126241327
21790,2011-10-17,300.0,668.0,382.991677690159
21791,2011-10-17,211.0,591.0,196.1402971351519
21829,2011-10-17,375.0,182.0,136.25235446205258
21871,2011-10-17,53.0,71.0,175.66318381965345
21877,2011-10-17,73.0,174.0,93.39470642806782
21889,2011-10-17,257.0,102.0,171.71459439384535
21891,2011-10-17,119.0,190.0,202.16201621637174
21914,2011-10-17,149.0,180.0,166.24285450217977
21915,2011-10-17,829.0,545.0,464.21719439649706
21918,2011-10-17,36.0,540.0,107.11716444998295
21928,2011-10-17,173.0,430.0,183.04161262068843
21929,2011-10-17,84.0,406.0,150.28799825309656
21930,2011-10-17,76.0,304.0,109.18004895995129
21931,2011-10-17,140.0,235.0,241.98369875618437
21967,2011-10-17,101.0,202.0,107.7689253210671
21975,2011-10-17,127.0,373.0,252.64250665649126
21976,2011-10-17,146.0,203.0,98.42914631696075
21977,2011-10-17,118.0,793.0,302.726190247121
21980,2011-10-17,108.0,135.0,174.9611792452558
21981,2011-10-17,44.0,31.0,47.75871446103397
21982,2011-10-17,41.0,191.0,103.9535214304182
21984,2011-10-17,14.0,154.0,113.99141707900337
21985,2011-10-17,73.0,118.0,154.50784873892735
21986,2011-10-17,76.0,24.0,111.39235432905228
22029,2011-10-17,230.0,422.0,152.61044510433032
22030,2011-10-17,0.0,108.0,0.0
22045,2011-10-17,150.0,325.0,132.6265876214929
22077,2011-10-17,323.0,390.0,246.82020550347082
22083,2011-10-17,75.0,144.0,110.43314619445971
22086,2011-10-17,756.0,529.0,502.0242409838959
22090,2011-10-17,32.0,96.0,85.28572345651297
22114,2011-10-17,214.0,198.0,169.0273432636851
22147,2011-10-17,65.0,144.0,396.4473638983074
22149,2011-10-17,6.0,126.0,237.3878904431973
22151,2011-10-17,194.0,738.0,196.81085135426255
22178,2011-10-17,211.0,479.0,353.8479126402694
22189,2011-10-17,151.0,796.0,106.17363678061967
22197,2011-10-17,1164.0,345.0,1102.4222867068113
22294,2011-10-17,59.0,324.0,132.8068626215884
22297,2011-10-17,75.0,482.0,79.5720323154513
22326,2011-10-17,392.0,326.0,157.49607782674596
22328,2011-10-17,132.0,219.0,133.06310519805925
22348,2011-10-17,165.0,232.0,70.89482495962328
22355,2011-10-17,296.0,493.0,263.6085449555805
22356,2011-10-17,114.0,219.0,155.55124293926755
22379,2011-10-17,119.0,216.0,150.54189395269265
22382,2011-10-17,162.0,174.0,197.54712510326075
22383,2011-10-17,99.0,337.0,260.7212163068254
22384,2011-10-17,93.0,250.0,140.55249719755722
22385,2011-10-17,186.0,379.0,191.064632037828
22386,2011-10-17,334.0,917.0,525.9520025063902
22411,2011-10-17,90.0,628.0,315.4405344908835
22417,2011-10-17,290.0,399.0,171.31677656963686
22418,2011-10-17,257.0,175.0,163.31850036360686
22423,2011-10-17,268.0,330.0,192.9501774735401
22457,2011-10-17,192.0,158.0,162.13124132854688
22467,2011-10-17,105.0,380.0,188.24567186640223
22469,2011-10-17,335.0,538.0,208.88507144282036
22470,2011-10-17,80.0,356.0,168.80765935343112
22489,2011-10-17,302.0,444.0,181.57412034257342
22492,2011-10-17,1334.0,1010.0,434.2811827223283
22534,2011-10-17,91.0,253.0,137.38444452887825
22551,2011-10-17,146.0,241.0,156.37923319731544
22554,2011-10-17,306.0,228.0,167.47332917962387
22555,2011-10-17,110.0,189.0,149.7491565833697
22556,2011-10-17,156.0,193.0,139.84348333275236
22558,2011-10-17,245.0,0.0,109.8049470208167
22560,2011-10-17,64.0,212.0,163.89455994502404
22561,2011-10-17,138.0,193.0,170.43560733089626
22577,2011-10-17,906.0,161.0,318.99294821527155
22578,2011-10-17,658.0,149.0,366.41591914300136
22585,2011-10-17,266.0,559.0,259.0152171730302
22595,2011-10-17,2130.0,170.0,126.71430157564721
22610,2011-10-17,216.0,36.0,300.4331116922371
22616,2011-10-17,666.0,102.0,251.57293931745153
22629,2011-10-17,265.0,509.0,224.15903036008967
22630,2011-10-17,313.0,115.0,131.8691530859412
22659,2011-10-17,87.0,214.0,149.77108836311956
22693,2011-10-17,264.0,144.0,137.1975164160587
22699,2011-10-17,247.0,119.0,205.15727194458756
22740,2011-10-17,0.0,771.0,156.26394698725815
22865,2011-10-17,407.0,301.0,310.370799434383
22866,2011-10-17,316.0,345.0,220.71920667678904
22867,2011-10-17,257.0,296.0,214.5203059125586
22909,2011-10-17,483.0,720.0,382.46917037924146
22910,2011-10-17,326.0,887.0,437.1691883301587
22952,2011-10-17,1550.0,1455.0,516.1235432531156
22961,2011-10-17,290.0,0.0,284.6083581017018
22969,2011-10-17,97.0,185.0,868.5977319508243
22993,2011-10-17,225.0,117.0,271.79210254919604
22998,2011-10-17,196.0,157.0,396.0631669515894
23084,2011-10-17,14.0,3.0,238.4716153113251
23166,2011-10-17,57.0,82.0,150.26043703152422
23199,2011-10-17,556.0,148.0,291.69462248754996
23201,2011-10-17,376.0,199.0,284.2535164577103
23203,2011-10-17,219.0,424.0,535.7896716253192
23206,2011-10-17,182.0,238.0,269.546675155343
23209,2011-10-17,293.0,242.0,307.1147472601885
37340,2011-10-17,60.0,8.0,147.44131523103897
37410,2011-10-17,0.0,0.0,0.0
40016,2011-10-17,0.0,229.0,109.77685821648657
47566,2011-10-17,211.0,333.0,169.54473650711552
71459,2011-10-17,52.0,123.0,216.73929606980087
71477,2011-10-17,89.0,121.0,116.29404158419091
72741,2011-10-17,285.0,945.0,116.68801876200841
75049L,2011-10-17,20.0,288.0,85.0513636986396
79000,2011-10-17,0.0,90.0,154.3882047883031
79321,2011-10-17,109.0,152.0,120.65223543354892
82482,2011-10-17,292.0,187.0,175.13095894017266
82494L,2011-10-17,154.0,167.0,144.6506343546845
82580,2011-10-17,70.0,302.0,101.47852537084681
82583,2011-10-17,494.0,200.0,231.84640393441396
82600,2011-10-17,0.0,98.0,42.38982403702931
84077,2011-10-17,975.0,720.0,609.2152022005255
84212,2011-10-17,0.0,0.0,209.52898022127243
84270,2011-10-17,0.0,606.0,0.0
84347,2011-10-17,526.0,259.0,182.2987367376132
84378,2011-10-17,320.0,536.0,136.3461273748569
84568,2011-10-17,24.0,1443.0,360.1804087958562
84598,2011-10-17,16.0,1153.0,277.143075379961
84692,2011-10-17,192.0,125.0,117.86342640685562
84755,2011-10-17,196.0,56.0,82.97447855248403
84836,2011-10-17,101.0,329.0,169.59481420898754
84879,2011-10-17,821.0,2277.0,812.5036816006784
84945,2011-10-17,118.0,636.0,264.5208542501572
84946,2011-10-17,424.0,265.0,312.60753424676085
84947,2011-10-17,214.0,331.0,259.9582935213164
84949,2011-10-17,387.0,102.0,61.2943573914204
84970L,2011-10-17,93.0,133.0,113.48728156483332
84970S,2011-10-17,66.0,212.0,143.41033055567513
84978,2011-10-17,148.0,173.0,160.86920186644676
84991,2011-10-17,729.0,745.0,327.9686593154045
84992,2011-10-17,224.0,217.0,211.80834143141098
85099B,2011-10-17,1045.0,1865.0,1002.9934760156456
85099C,2011-10-17,200.0,656.0,261.2306489583026
85099F,2011-10-17,433.0,600.0,305.419355218453
85110,2011-10-17,0.0,0.0,0.0
85123A,2011-10-17,234.0,1000.0,433.51683127565184
85152,2011-10-17,477.0,96.0,147.92970917676408
85175,2011-10-17,16.0,0.0,89.49652804831966
85220,2011-10-17,0.0,0.0,0.0
15036,2011-10-24,101.0,172.0,215.410135991051
15056N,2011-10-24,107.0,319.0,90.55486748904694
16014,2011-10-24,0.0,40.0,369.42884680688564
16033,2011-10-24,0.0,120.0,0.0
16156S,2011-10-24,50.0,700.0,166.78047258865044
16161P,2011-10-24,275.0,125.0,152.66714085500845
17003,2011-10-24,1684.0,158.0,190.2030837656484
20668,2011-10-24,474.0,685.0,552.9912120591176
20711,2011-10-24,59.0,79.0,30.01284891256662
20712,2011-10-24,250.0,184.0,230.93154993809077
20713,2011-10-24,238.0,222.0,143.30097838177187
20718,2011-10-24,60.0,65.0,104.15817841981197
20719,2011-10-24,244.0,104.0,182.5924866135696
20723,2011-10-24,155.0,62.0,143.67711846210187
20724,2011-10-24,416.0,141.0,293.20223981305503
20725,2011-10-24,314.0,139.0,320.2487495060044
20726,2011-10-24,104.0,58.0,150.01902895455834
20727,2011-10-24,132.0,143.0,262.3230572301462
20728,2011-10-24,275.0,34.0,171.43121008890546
20914,2011-10-24,160.0,330.0,144.24738798869228
20971,2011-10-24,90.0,136.0,402.8528415021522
20972,2011-10-24,128.0,313.0,189.62094086400222
20974,2011-10-24,160.0,91.0,141.10847418982624
20975,2011-10-24,128.0,245.0,279.9332843179321
21080,2011-10-24,232.0,166.0,188.82640357464533
21085,2011-10-24,0.0,0.0,0.0
21086,2011-10-24,146.0,24.0,115.16320820941763
21088,2011-10-24,0.0,0.0,282.76299791647085
21091,2011-10-24,0.0,0.0,0.0
21092,2011-10-24,0.0,0.0,0.0
21094,2011-10-24,161.0,50.0,128.64638814200399
21096,2011-10-24,0.0,0.0,420.5952470857594
21099,2011-10-24,0.0,0.0,0.0
21108,2011-10-24,253.0,37.0,141.07461517779177
21121,2011-10-24,47.0,87.0,144.62533630909198
21122,2011-10-24,5.0,71.0,130.07364489744367
21137,2011-10-24,95.0,310.0,148.587464024205
21166,2011-10-24,308.0,213.0,299.58953676139856
21175,2011-10-24,221.0,125.0,157.1027464179282
21181,2011-10-24,908.0,172.0,375.5930027903907
21210,2011-10-24,39.0,181.0,126.3979836229845
21212,2011-10-24,521.0,1358.0,608.1905504714473
21213,2011-10-24,505.0,658.0,369.67920891497323
21231,2011-10-24,153.0,291.0,149.46493746215862
21232,2011-10-24,137.0,451.0,247.03844987202243
21326,2011-10-24,65.0,139.0,146.35408723713505
21495,2011-10-24,325.0,275.0,124.87860912970253
21497,2011-10-24,150.0,575.0,414.8667666754642
21498,2011-10-24,325.0,375.0,154.4863138461286
21499,2011-10-24,125.0,275.0,129.51991158169622
21500,2011-10-24,50.0,350.0,154.8159605353491
21703,2011-10-24,57.0,280.0,286.7515013926475
21704,2011-10-24,232.0,131.0,164.27984578374813
21731,2011-10-24,146.0,98.0,260.51858875082786
21733,2011-10-24,144.0,338.0,167.26920973823016
21787,2011-10-24,124.0,101.0,650.0357736194528
21790,2011-10-24,381.0,556.0,439.16800796207406
21791,2011-10-24,81.0,310.0,177.18046204951037
21829,2011-10-24,0.0,253.0,139.86126336873969
21871,2011-10-24,39.0,63.0,151.8921489577932
21877,2011-10-24,41.0,22.0,101.33882599301046
21889,2011-10-24,147.0,411.0,227.87375097647654
21891,2011-10-24,55.0,112.0,214.7060886857561
21914,2011-10-24,237.0,123.0,169.38663504959564
21915,2011-10-24,351.0,3.0,712.2672118025258
21918,2011-10-24,145.0,43.0,73.57346671531447
21928,2011-10-24,125.0,264.0,313.6642402195275
21929,2011-10-24,67.0,176.0,149.80185986472466
21930,2011-10-24,92.0,99.0,118.76318789809983
21931,2011-10-24,372.0,172.0,240.6200446659662
21967,2011-10-24,151.0,152.0,166.6567161726035
21975,2011-10-24,62.0,311.0,290.8317014719675
21976,2011-10-24,81.0,77.0,113.6202507505559
21977,2011-10-24,97.0,896.0,447.4668247593301
21980,2011-10-24,134.0,162.0,107.75633562946784
21981,2011-10-24,77.0,48.0,93.80219068694508
21982,2011-10-24,131.0,654.0,185.41620803534627
21984,2011-10-24,62.0,66.0,94.95195210768459
21985,2011-10-24,55.0,164.0,131.55642983166192
21986,2011-10-24,19.0,38.0,69.28082774160298
22029,2011-10-24,87.0,399.0,149.41009468193516
22030,2011-10-24,0.0,397.0,0.0
22045,2011-10-24,150.0,665.0,144.1353531219925
22077,2011-10-24,304.0,237.0,230.82349339540912
22083,2011-10-24,75.0,173.0,129.67462265836144
22086,2011-10-24,764.0,406.0,596.0320610475463
22090,2011-10-24,39.0,127.0,86.23826664318048
22114,2011-10-24,210.0,282.0,186.38573122096147
22147,2011-10-24,16.0,66.0,169.43859241105875
22149,2011-10-24,0.0,167.0,149.05867188823348
22151,2011-10-24,173.0,206.0,208.89417957241898
22178,2011-10-24,1246.0,285.0,328.53284250786726
22189,2011-10-24,57.0,60.0,90.01935569141678
22197,2011-10-24,2771.0,1239.0,1065.7103346759602
22294,2011-10-24,27.0,287.0,125.9162107360553
22297,2011-10-24,72.0,242.0,143.50815497846318
22326,2011-10-24,167.0,32.0,155.55603099002812
22328,2011-10-24,94.0,60.0,113.00679088790777
22348,2011-10-24,61.0,160.0,105.58453934728666
22355,2011-10-24,535.0,214.0,234.0309096301807
22356,2011-10-24,303.0,109.0,127.63817215490033
22379,2011-10-24,39.0,38.0,239.38546720089707
22382,2011-10-24,209.0,108.0,177.30100260266565
22383,2011-10-24,210.0,106.0,164.3794358735142
22384,2011-10-24,127.0,69.0,126.25216870423526
22385,2011-10-24,51.0,99.0,145.90755123882477
22386,2011-10-24,743.0,144.0,627.8334621540203
22411,2011-10-24,156.0,364.0,236.5316465574255
22417,2011-10-24,132.0,314.0,182.00228690874764
22418,2011-10-24,221.0,204.0,156.07847181098742
22423,2011-10-24,135.0,387.0,173.5334945113748
22457,2011-10-24,133.0,238.0,212.4055018178133
22467,2011-10-24,396.0,90.0,168.82362967914608
22469,2011-10-24,383.0,133.0,314.17104229841004
22470,2011-10-24,164.0,212.0,179.69880100832168
22489,2011-10-24,347.0,220.0,186.37707427582754
22492,2011-10-24,792.0,396.0,1169.0454093147287
22534,2011-10-24,201.0,63.0,113.7390205734936
22551,2011-10-24,178.0,97.0,172.3911028050979
22554,2011-10-24,172.0,2.0,163.4812813229571
22555,2011-10-24,127.0,335.0,164.7923285456685
22556,2011-10-24,199.0,73.0,130.35054700485114
22558,2011-10-24,146.0,12.0,138.98600599752433
22560,2011-10-24,139.0,113.0,129.83799733081295
22561,2011-10-24,143.0,148.0,181.84578827024762
22577,2011-10-24,847.0,199.0,390.2382874239408
22578,2011-10-24,599.0,149.0,362.4227552707982
22585,2011-10-24,280.0,272.0,238.51198113852286
22595,2011-10-24,293.0,301.0,0.0
22610,2011-10-24,792.0,36.0,272.79896722108083
22616,2011-10-24,293.0,714.0,384.4024190580131
22629,2011-10-24,284.0,69.0,194.63386048954425
22630,2011-10-24,261.0,51.0,196.41126854794834
22659,2011-10-24,87.0,338.0,205.39452582725818
22693,2011-10-24,363.0,24.0,135.53530106337948
22699,2011-10-24,120.0,224.0,178.18686060314397
22740,2011-10-24,0.0,588.0,341.6302373639851
22865,2011-10-24,303.0,215.0,366.73184680399095
22866,2011-10-24,124.0,510.0,282.3736383079701
22867,2011-10-24,191.0,304.0,210.84049704459144
22909,2011-10-24,427.0,498.0,412.88017823862054
22910,2011-10-24,322.0,607.0,392.5936939154462
22952,2011-10-24,1250.0,1132.0,765.4200598931952
22961,2011-10-24,162.0,0.0,314.9257587378259
22969,2011-10-24,168.0,97.0,306.26073286603776
22993,2011-10-24,296.0,225.0,250.59739389813765
22998,2011-10-24,652.0,196.0,303.80995745143736
23084,2011-10-24,5593.0,14.0,81.0041899399448
23166,2011-10-24,63.0,57.0,141.72135311453363
23199,2011-10-24,295.0,556.0,382.5474087979659
23201,2011-10-24,405.0,376.0,335.9503828058175
23203,2011-10-24,556.0,219.0,508.8984033324978
23206,2011-10-24,133.0,182.0,281.67418263256354
23209,2011-10-24,295.0,293.0,331.47454889935204
37340,2011-10-24,48.0,12.0,58.3109686995403
37410,2011-10-24,0.0,0.0,0.0
40016,2011-10-24,0.0,2.0,0.0
47566,2011-10-24,78.0,167.0,191.86777499543845
71459,2011-10-24,96.0,72.0,125.17792020129572
71477,2011-10-24,721.0,111.0,56.531786093567185
72741,2011-10-24,54.0,267.0,205.05603927124176
75049L,2011-10-24,12.0,10.0,121.92667043416911
79000,2011-10-24,0.0,210.0,75.02019995486353
79321,2011-10-24,431.0,228.0,137.89832186666513
82482,2011-10-24,128.0,154.0,181.35528132334468
82494L,2011-10-24,137.0,203.0,188.33584852039476
82580,2011-10-24,135.0,111.0,90.03692555648905
82583,2011-10-24,80.0,46.0,261.5165813026734
82600,2011-10-24,0.0,199.0,150.43741367738383
84077,2011-10-24,5328.0,481.0,470.3049276717815
84212,2011-10-24,54.0,96.0,6.21452720867088
84270,2011-10-24,0.0,820.0,0.0
84347,2011-10-24,687.0,742.0,322.09964408406995
84378,2011-10-24,103.0,121.0,169.59552441200773
84568,2011-10-24,0.0,2899.0,175.49272882116074
84598,2011-10-24,0.0,2884.0,411.36839155696885
84692,2011-10-24,181.0,510.0,139.43588872254156
84755,2011-10-24,112.0,32.0,172.52213936758946
84836,2011-10-24,206.0,239.0,135.99836264683086
84879,2011-10-24,778.0,1736.0,907.5634278077647
84945,2011-10-24,120.0,258.0,205.61628119644038
84946,2011-10-24,228.0,372.0,312.6226448313915
84947,2011-10-24,55.0,120.0,263.7959029054942
84949,2011-10-24,22.0,150.0,143.26042843943645
84970L,2011-10-24,28.0,130.0,141.72205616238307
84970S,2011-10-24,76.0,412.0,158.76966092407088
84978,2011-10-24,74.0,168.0,184.31246571299073
84991,2011-10-24,437.0,681.0,363.6360881141621
84992,2011-10-24,275.0,392.0,217.35309985368218
85099B,2011-10-24,600.0,783.0,990.3841278691841
85099C,2011-10-24,391.0,482.0,254.67327709552995
85099F,2011-10-24,30.0,184.0,401.4979835676978
85110,2011-10-24,0.0,0.0,0.0
85123A,2011-10-24,447.0,799.0,415.1722414450556
85152,2011-10-24,160.0,211.0,245.63062124287478
85175,2011-10-24,64.0,225.0,157.64718826711223
85220,2011-10-24,0.0,0.0,0.0
15036,2011-10-31,83.0,2010.0,175.7186353855152
15056N,2011-10-31,10.0,20.0,130.23338620722444
16014,2011-10-31,3021.0,4100.0,29.081641683795294
16033,2011-10-31,0.0,0.0,0.0
16156S,2011-10-31,125.0,100.0,148.73286777894745
16161P,2011-10-31,300.0,125.0,168.00733331744019
17003,2011-10-31,100.0,36.0,553.9487195639368
20668,2011-10-31,328.0,202.0,508.57678814061615
20711,2011-10-31,21.0,143.0,111.1251530177761
20712,2011-10-31,175.0,63.0,251.32107498116565
20713,2011-10-31,84.0,58.0,301.28727129098417
20718,2011-10-31,165.0,83.0,76.87798143026434
20719,2011-10-31,145.0,203.0,260.3033436216979
20723,2011-10-31,179.0,119.0,212.83936308134238
20724,2011-10-31,260.0,177.0,331.90634939455185
20725,2011-10-31,323.0,275.0,406.97502206616247
20726,2011-10-31,191.0,98.0,137.5906568533654
20727,2011-10-31,108.0,129.0,260.00139922048174
20728,2011-10-31,101.0,169.0,227.89873230321783
20914,2011-10-31,138.0,128.0,154.93873221424218
20971,2011-10-31,103.0,87.0,2731.0511360832706
20972,2011-10-31,229.0,186.0,181.35926301849693
20974,2011-10-31,9.0,204.0,176.10753288499805
20975,2011-10-31,96.0,166.0,206.69075716033308
21080,2011-10-31,134.0,145.0,215.61132680499446
21085,2011-10-31,0.0,0.0,0.0
21086,2011-10-31,63.0,60.0,107.33170985251455
21088,2011-10-31,2.0,0.0,290.4985977109124
21091,2011-10-31,0.0,0.0,0.0
21092,2011-10-31,0.0,0.0,0.0
21094,2011-10-31,81.0,41.0,156.31374060401166
21096,2011-10-31,1.0,0.0,69.4308910415127
21099,2011-10-31,0.0,0.0,0.0
21108,2011-10-31,198.0,60.0,151.75221163699536
21121,2011-10-31,63.0,133.0,134.47111146235622
21122,2011-10-31,28.0,85.0,94.79632477201818
21137,2011-10-31,433.0,182.0,168.84824675074637
21166,2011-10-31,408.0,116.0,268.8779595277338
21175,2011-10-31,335.0,126.0,221.32868657325616
21181,2011-10-31,47.0,268.0,304.5352379895091
21210,2011-10-31,55.0,93.0,122.64512980775703
21212,2011-10-31,1041.0,613.0,732.6051454020079
21213,2011-10-31,227.0,654.0,373.0609310744644
21231,2011-10-31,155.0,555.0,189.56211760363757
21232,2011-10-31,237.0,583.0,261.1876425728289
21326,2011-10-31,272.0,39.0,74.20666627898244
21495,2011-10-31,250.0,175.0,146.12201117370316
21497,2011-10-31,450.0,125.0,251.25643806147593
21498,2011-10-31,350.0,375.0,246.22922576361898
21499,2011-10-31,200.0,75.0,118.23072258993575
21500,2011-10-31,200.0,25.0,115.00693994509838
21703,2011-10-31,976.0,89.0,80.52926918549744
21704,2011-10-31,127.0,196.0,199.47439250288025
21731,2011-10-31,222.0,151.0,327.1511191121585
21733,2011-10-31,660.0,976.0,166.37700021614128
21787,2011-10-31,391.0,112.0,309.5990667179634
21790,2011-10-31,544.0,243.0,341.96282931566736
21791,2011-10-31,161.0,243.0,157.84434058525432
21829,2011-10-31,0.0,145.0,96.63916413535442
21871,2011-10-31,472.0,98.0,96.15316883594195
21877,2011-10-31,144.0,38.0,110.04469007823627
21889,2011-10-31,138.0,130.0,202.3488812315639
21891,2011-10-31,834.0,180.0,150.9178862621457
21914,2011-10-31,119.0,215.0,224.40009362166492
21915,2011-10-31,2652.0,3.0,1136.7335308186985
21918,2011-10-31,90.0,183.0,114.60348319310457
21928,2011-10-31,207.0,121.0,192.8461594682089
21929,2011-10-31,79.0,132.0,146.70309204074857
21930,2011-10-31,170.0,39.0,118.20574550328861
21931,2011-10-31,245.0,190.0,343.6744064555848
21967,2011-10-31,94.0,99.0,98.54090035574319
21975,2011-10-31,150.0,131.0,213.1792010920474
21976,2011-10-31,160.0,89.0,99.63038208354568
21977,2011-10-31,157.0,472.0,292.4015058615902
21980,2011-10-31,112.0,148.0,158.37015097375743
21981,2011-10-31,97.0,0.0,86.68553588996329
21982,2011-10-31,613.0,94.0,115.42666106211631
21984,2011-10-31,51.0,6.0,83.37705334783543
21985,2011-10-31,135.0,119.0,133.20025144617836
21986,2011-10-31,176.0,67.0,103.5556621582336
22029,2011-10-31,201.0,193.0,141.53410075845392
22030,2011-10-31,0.0,48.0,0.0
22045,2011-10-31,150.0,300.0,169.2853934529702
22077,2011-10-31,526.0,345.0,274.6320162219195
22083,2011-10-31,132.0,162.0,108.13243895769504
22086,2011-10-31,1745.0,466.0,995.0092647060242
22090,2011-10-31,79.0,59.0,119.13858900714136
22114,2011-10-31,207.0,281.0,225.07123277552674
22147,2011-10-31,4.0,104.0,284.75639296776956
22149,2011-10-31,0.0,120.0,351.3765456887788
22151,2011-10-31,155.0,191.0,130.0861994528122
22178,2011-10-31,359.0,525.0,816.3039950813101
22189,2011-10-31,346.0,123.0,138.20953666216207
22197,2011-10-31,1155.0,2582.0,1720.7115172885365
22294,2011-10-31,87.0,209.0,124.28721216853255
22297,2011-10-31,25.0,372.0,133.10098177144545
22326,2011-10-31,158.0,250.0,198.37314108603624
22328,2011-10-31,94.0,51.0,105.2424785451875
22348,2011-10-31,76.0,65.0,76.05161676235674
22355,2011-10-31,274.0,448.0,333.87809412819877
22356,2011-10-31,230.0,188.0,180.1299433127223
22379,2011-10-31,89.0,152.0,221.3341749500206
22382,2011-10-31,242.0,70.0,194.59346713382095
22383,2011-10-31,228.0,100.0,185.38981352044044
22384,2011-10-31,279.0,245.0,175.0943692961034
22385,2011-10-31,179.0,76.0,140.01569810164702
22386,2011-10-31,312.0,137.0,1436.126887221496
22411,2011-10-31,91.0,182.0,251.48904957168
22417,2011-10-31,227.0,133.0,212.38965353011926
22418,2011-10-31,115.0,254.0,204.76305964405807
22423,2011-10-31,279.0,642.0,267.5425531411917
22457,2011-10-31,139.0,177.0,205.889765479955
22467,2011-10-31,367.0,105.0,163.90736338103983
22469,2011-10-31,1042.0,8.0,338.81219879923725
22470,2011-10-31,501.0,220.0,228.69659914298887
22489,2011-10-31,70.0,193.0,259.21962897765223
22492,2011-10-31,226.0,657.0,806.7753228950327
22534,2011-10-31,26.0,211.0,163.45397683107365
22551,2011-10-31,197.0,154.0,206.99453078496802
22554,2011-10-31,228.0,0.0,175.15313282098896
22555,2011-10-31,82.0,77.0,151.26328488644614
22556,2011-10-31,117.0,140.0,192.29171611459165
22558,2011-10-31,196.0,12.0,174.2668096441426
22560,2011-10-31,426.0,78.0,166.19426518265243
22561,2011-10-31,125.0,233.0,181.47180738791224
22577,2011-10-31,840.0,255.0,594.607207411335
22578,2011-10-31,788.0,241.0,561.2739082799245
22585,2011-10-31,165.0,442.0,227.49089568674265
22595,2011-10-31,223.0,392.0,462.67661861967764
22610,2011-10-31,540.0,36.0,369.30005165131325
22616,2011-10-31,702.0,308.0,376.03191288847046
22629,2011-10-31,213.0,105.0,273.5905847680389
22630,2011-10-31,148.0,101.0,252.00341896923942
22659,2011-10-31,373.0,50.0,150.58920078742156
22693,2011-10-31,221.0,96.0,193.54510488444205
22699,2011-10-31,89.0,98.0,223.6859147238802
22740,2011-10-31,0.0,768.0,155.47537415343217
22865,2011-10-31,528.0,385.0,351.28097826641743
22866,2011-10-31,409.0,264.0,286.207802511201
22867,2011-10-31,391.0,250.0,259.5506273685386
22909,2011-10-31,376.0,314.0,510.4644143323819
22910,2011-10-31,559.0,271.0,468.8100894403605
22952,2011-10-31,568.0,672.0,978.484282621316
22961,2011-10-31,360.0,0.0,304.38505544489146
22969,2011-10-31,193.0,168.0,413.50841668834795
22993,2011-10-31,538.0,296.0,295.02590554767966
22998,2011-10-31,529.0,652.0,221.52065386734074
23084,2011-10-31,2665.0,5593.0,662.296814983091
23166,2011-10-31,33.0,63.0,195.35247836910207
23199,2011-10-31,101.0,295.0,429.6516096943992
23201,2011-10-31,149.0,405.0,495.9029545849031
23203,2011-10-31,495.0,556.0,756.1638874086034
23206,2011-10-31,182.0,133.0,296.07677869462236
23209,2011-10-31,311.0,295.0,427.5031488197494
37340,2011-10-31,6.0,0.0,17.260511702411474
37410,2011-10-31,0.0,0.0,0.0
40016,2011-10-31,0.0,12.0,0.0
47566,2011-10-31,102.0,155.0,172.98057111337704
71459,2011-10-31,100.0,136.0,156.4056373289101
71477,2011-10-31,96.0,1412.0,135.31235519297383
72741,2011-10-31,105.0,141.0,145.8575668337912
75049L,2011-10-31,132.0,60.0,103.856533601327
79000,2011-10-31,0.0,27.0,16.038401962026942
79321,2011-10-31,166.0,176.0,149.1606381810843
82482,2011-10-31,512.0,266.0,183.37771186404902
82494L,2011-10-31,270.0,211.0,154.83282160634917
82580,2011-10-31,86.0,59.0,124.23071575116535
82583,2011-10-31,216.0,52.0,158.74704924868814
82600,2011-10-31,0.0,80.0,0.0
84077,2011-10-31,974.0,730.0,2045.1165945807356
84212,2011-10-31,0.0,60.0,160.91147335954392
84270,2011-10-31,0.0,272.0,0.0
84347,2011-10-31,319.0,184.0,338.7858838501965
84378,2011-10-31,79.0,198.0,166.71783619790307
84568,2011-10-31,30.0,293.0,94.790695320699
84598,2011-10-31,32.0,3.0,0.0
84692,2011-10-31,213.0,76.0,154.79011497086117
84755,2011-10-31,108.0,128.0,222.78927475886795
84836,2011-10-31,316.0,404.0,191.0091259580996
84879,2011-10-31,968.0,1031.0,693.0430949142299
84945,2011-10-31,126.0,396.0,232.20605913119252
84946,2011-10-31,847.0,415.0,394.5326070992857
84947,2011-10-31,363.0,349.0,228.89160650274445
84949,2011-10-31,74.0,49.0,102.20885771145167
84970L,2011-10-31,147.0,303.0,106.20515669315768
84970S,2011-10-31,93.0,132.0,121.3353531422134
84978,2011-10-31,109.0,164.0,153.69933482926922
84991,2011-10-31,263.0,532.0,310.088154558741
84992,2011-10-31,90.0,315.0,260.19673718470915
85099B,2011-10-31,1063.0,515.0,2367.750459454335
85099C,2011-10-31,90.0,243.0,270.45184581777113
85099F,2011-10-31,203.0,165.0,606.2772470251306
85110,2011-10-31,0.0,0.0,0.0
85123A,2011-10-31,1705.0,1465.0,363.3963217328479
85152,2011-10-31,186.0,54.0,237.75315049363184
85175,2011-10-31,64.0,96.0,76.66309286358505
85220,2011-10-31,0.0,0.0,0.0
15036,2011-11-07,107.0,205.0,236.8807485920264
15056N,2011-11-07,38.0,173.0,78.30666518632712
16014,2011-11-07,10.0,10.0,0.0
16033,2011-11-07,0.0,240.0,27.22520426356266
16156S,2011-11-07,125.0,0.0,169.90673871494675
16161P,2011-11-07,25.0,100.0,214.19439790749237
17003,2011-11-07,109.0,6816.0,297.4783344589247
20668,2011-11-07,1422.0,651.0,718.46845508504
20711,2011-11-07,160.0,39.0,49.93775082491394
20712,2011-11-07,250.0,148.0,277.8607682582695
20713,2011-11-07,287.0,208.0,271.08868238844104
20718,2011-11-07,125.0,497.0,151.04271316816414
20719,2011-11-07,213.0,234.0,271.98660012963074
20723,2011-11-07,143.0,146.0,218.60280922857677
20724,2011-11-07,552.0,246.0,416.38603382393114
20725,2011-11-07,556.0,529.0,472.5341186794251
20726,2011-11-07,149.0,200.0,190.5786662027546
20727,2011-11-07,266.0,236.0,244.27032726031962
20728,2011-11-07,162.0,111.0,218.1938849073394
20914,2011-11-07,116.0,136.0,145.63708236254075
20971,2011-11-07,453.0,124.0,652.0895868953027
20972,2011-11-07,247.0,155.0,217.0188147929407
20974,2011-11-07,600.0,345.0,143.31046317387145
20975,2011-11-07,295.0,300.0,196.93669884179033
21080,2011-11-07,255.0,484.0,235.89789534969879
21085,2011-11-07,0.0,0.0,14.425095062235462
21086,2011-11-07,303.0,74.0,114.55600737618312
21088,2011-11-07,0.0,0.0,523.6836453282472
21091,2011-11-07,0.0,0.0,13.479131739894555
21092,2011-11-07,0.0,0.0,13.479131739894555
21094,2011-11-07,104.0,137.0,148.32666468360173
21096,2011-11-07,0.0,0.0,601.086477212083
21099,2011-11-07,0.0,0.0,14.425095062235462
21108,2011-11-07,940.0,114.0,178.2559334388367
21121,2011-11-07,60.0,188.0,164.81592819350436
21122,2011-11-07,76.0,83.0,76.22047519314233
21137,2011-11-07,857.0,13.0,160.53138107664844
21166,2011-11-07,70.0,250.0,359.93700648737126
21175,2011-11-07,266.0,234.0,265.22923684462376
21181,2011-11-07,12.0,318.0,532.652459092202
21210,2011-11-07,191.0,135.0,147.56523812877148
21212,2011-11-07,362.0,1095.0,694.0920174969502
21213,2011-11-07,117.0,724.0,509.85580441067066
21231,2011-11-07,103.0,555.0,208.9515434896681
21232,2011-11-07,150.0,616.0,304.20134243352203
21326,2011-11-07,128.0,178.0,234.32622459828758
21495,2011-11-07,250.0,40.0,165.49074214518305
21497,2011-11-07,275.0,100.0,262.31768601915627
21498,2011-11-07,200.0,100.0,310.19061768629933
21499,2011-11-07,150.0,100.0,141.35967576998019
21500,2011-11-07,50.0,75.0,131.76134608926697
21703,2011-11-07,183.0,164.0,362.1822851021016
21704,2011-11-07,302.0,2110.0,246.7308007148632
21731,2011-11-07,425.0,534.0,340.247076554607
21733,2011-11-07,189.0,160.0,231.3957424414021
21787,2011-11-07,32.0,106.0,503.46823953878305
21790,2011-11-07,791.0,346.0,485.10787104797976
21791,2011-11-07,494.0,233.0,165.98507610143596
21829,2011-11-07,0.0,469.0,179.45076871549085
21871,2011-11-07,62.0,111.0,174.6348480339183
21877,2011-11-07,83.0,64.0,124.29079138337362
21889,2011-11-07,487.0,472.0,244.3541324392938
21891,2011-11-07,107.0,251.0,381.10267542526867
21914,2011-11-07,243.0,431.0,238.13812539904416
21915,2011-11-07,661.0,1979.0,1257.1981856853088
21918,2011-11-07,81.0,238.0,131.88580890368507
21928,2011-11-07,313.0,416.0,228.18050103814747
21929,2011-11-07,417.0,266.0,149.89025661729414
21930,2011-11-07,205.0,44.0,169.27424422053068
21931,2011-11-07,507.0,177.0,310.94349155611275
21967,2011-11-07,32.0,162.0,162.70623772166005
21975,2011-11-07,137.0,587.0,407.1953555960179
21976,2011-11-07,87.0,97.0,140.15595369137225
21977,2011-11-07,302.0,610.0,368.4856141318101
21980,2011-11-07,70.0,221.0,166.9996370495541
21981,2011-11-07,45.0,105.0,105.39880581593931
21982,2011-11-07,71.0,187.0,135.13295911493753
21984,2011-11-07,24.0,16.0,107.93842425223156
21985,2011-11-07,29.0,180.0,220.6675534234814
21986,2011-11-07,9.0,117.0,96.63620762155827
22029,2011-11-07,166.0,181.0,193.95075244822402
22030,2011-11-07,72.0,312.0,0.0
22045,2011-11-07,125.0,275.0,216.15797532280752
22077,2011-11-07,216.0,373.0,346.20615066880487
22083,2011-11-07,102.0,335.0,178.67528545352303
22086,2011-11-07,1436.0,1549.0,1576.4868313457619
22090,2011-11-07,96.0,145.0,149.457078357803
22114,2011-11-07,442.0,214.0,255.26981821294964
22147,2011-11-07,2.0,172.0,158.24604737379994
22149,2011-11-07,40.0,336.0,82.17395713951309
22151,2011-11-07,60.0,478.0,285.56688188232505
22178,2011-11-07,288.0,1074.0,509.83027762476166
22189,2011-11-07,73.0,99.0,158.7099972600519
22197,2011-11-07,3900.0,924.0,2127.995544796869
22294,2011-11-07,89.0,132.0,109.23376083874176
22297,2011-11-07,154.0,456.0,97.31142412796885
22326,2011-11-07,127.0,347.0,229.5546150587864
22328,2011-11-07,74.0,261.0,151.00018475266538
22348,2011-11-07,84.0,37.0,111.47823623929067
22355,2011-11-07,470.0,308.0,344.4086304821894
22356,2011-11-07,364.0,113.0,210.37704434468452
22379,2011-11-07,70.0,130.0,170.59098521287558
22382,2011-11-07,394.0,206.0,233.19096157681375
22383,2011-11-07,219.0,181.0,246.5726611886259
22384,2011-11-07,135.0,116.0,183.07604151486478
22385,2011-11-07,300.0,218.0,190.4075321304057
22386,2011-11-07,516.0,346.0,618.5314005030026
22411,2011-11-07,627.0,366.0,291.4936922525251
22417,2011-11-07,104.0,686.0,234.68134950210404
22418,2011-11-07,261.0,373.0,227.68589743806626
22423,2011-11-07,169.0,247.0,221.51211311336272
22457,2011-11-07,251.0,269.0,215.4545639477684
22467,2011-11-07,161.0,118.0,238.36895608414946
22469,2011-11-07,305.0,38.0,511.45151549346207
22470,2011-11-07,170.0,455.0,309.6008342459432
22489,2011-11-07,61.0,247.0,219.95827664311093
22492,2011-11-07,1724.0,260.0,595.3663004627622
22534,2011-11-07,146.0,206.0,148.50823491372978
22551,2011-11-07,397.0,354.0,234.05735475340532
22554,2011-11-07,318.0,97.0,209.73556511947632
22555,2011-11-07,197.0,92.0,154.54535884599224
22556,2011-11-07,115.0,373.0,219.7607740991793
22558,2011-11-07,130.0,0.0,179.89361104626468
22560,2011-11-07,195.0,110.0,215.30465019160647
22561,2011-11-07,284.0,159.0,221.97796508674597
22577,2011-11-07,1264.0,207.0,1015.8408298770959
22578,2011-11-07,1537.0,143.0,646.9945465261114
22585,2011-11-07,49.0,710.0,287.91979483940474
22595,2011-11-07,267.0,217.0,448.70343389319015
22610,2011-11-07,288.0,3.0,694.521892592163
22616,2011-11-07,254.0,301.0,564.9539160262609
22629,2011-11-07,509.0,566.0,343.08443701200133
22630,2011-11-07,97.0,697.0,304.04900030352445
22659,2011-11-07,131.0,58.0,189.52919663525702
22693,2011-11-07,299.0,168.0,220.51232251763125
22699,2011-11-07,176.0,103.0,186.43816686752012
22740,2011-11-07,0.0,436.0,201.95082489060076
22865,2011-11-07,859.0,622.0,544.1408527164836
22866,2011-11-07,959.0,499.0,334.0367501745359
22867,2011-11-07,561.0,451.0,315.95187311339646
22909,2011-11-07,951.0,690.0,487.17597395083254
22910,2011-11-07,680.0,957.0,548.0005223570677
22952,2011-11-07,1295.0,3082.0,1029.0152853111383
22961,2011-11-07,289.0,0.0,381.5318164501572
22969,2011-11-07,106.0,193.0,353.8674558404417
22993,2011-11-07,287.0,538.0,378.02732579467084
22998,2011-11-07,345.0,529.0,394.17314377252524
23084,2011-11-07,2620.0,2665.0,1067.3399473708366
23166,2011-11-07,85.0,33.0,163.6764342469629
23199,2011-11-07,686.0,101.0,498.1814315905855
23201,2011-11-07,912.0,149.0,461.01028523032954
23203,2011-11-07,1413.0,495.0,645.2709833313646
23206,2011-11-07,382.0,182.0,277.2445386358623
23209,2011-11-07,616.0,311.0,458.45013499609917
37340,2011-11-07,120.0,144.0,91.49453200575131
37410,2011-11-07,0.0,0.0,13.479131739894555
40016,2011-11-07,0.0,24.0,178.65885470870688
47566,2011-11-07,135.0,58.0,187.74125221107803
71459,2011-11-07,232.0,72.0,199.5109172765217
71477,2011-11-07,153.0,166.0,166.01994837090024
72741,2011-11-07,111.0,184.0,191.3498949599705
75049L,2011-11-07,115.0,120.0,110.42114243629557
79000,2011-11-07,0.0,96.0,387.49132781896856
79321,2011-11-07,482.0,123.0,228.45796883547752
82482,2011-11-07,184.0,164.0,235.27315628481253
82494L,2011-11-07,141.0,145.0,200.65107959359528
82580,2011-11-07,46.0,57.0,123.90653792147116
82583,2011-11-07,208.0,146.0,320.8084183339611
82600,2011-11-07,0.0,152.0,11.656626568694428
84077,2011-11-07,1167.0,5301.0,1515.347966861805
84212,2011-11-07,53.0,30.0,202.52435539748933
84270,2011-11-07,0.0,60.0,4.130391672196019
84347,2011-11-07,594.0,9715.0,550.5310962877929
84378,2011-11-07,114.0,118.0,157.09042887467814
84568,2011-11-07,43.0,32.0,263.5882238215387
84598,2011-11-07,24.0,7.0,125.91812585051025
84692,2011-11-07,259.0,106.0,207.24634205023423
84755,2011-11-07,324.0,178.0,186.36212827605567
84836,2011-11-07,170.0,116.0,199.12575880337124
84879,2011-11-07,1740.0,992.0,1060.302854359542
84945,2011-11-07,702.0,150.0,244.95830694796567
84946,2011-11-07,1079.0,553.0,548.5157797958783
84947,2011-11-07,259.0,197.0,240.26021318000127
84949,2011-11-07,135.0,253.0,158.8785689484538
84970L,2011-11-07,81.0,188.0,144.4026245346196
84970S,2011-11-07,54.0,449.0,172.22210160256054
84978,2011-11-07,409.0,164.0,163.45485000728578
84991,2011-11-07,196.0,648.0,534.5810926697624
84992,2011-11-07,135.0,530.0,306.4292002372289
85099B,2011-11-07,2199.0,793.0,1274.2600805678333
85099C,2011-11-07,353.0,181.0,245.12746515498185
85099F,2011-11-07,311.0,209.0,364.6988469847386
85110,2011-11-07,0.0,0.0,9.815907645466737
85123A,2011-11-07,594.0,1362.0,1033.0889889348443
85152,2011-11-07,68.0,207.0,317.5322127610049
85175,2011-11-07,160.0,195.0,110.204949001469
85220,2011-11-07,0.0,0.0,13.479131739894555
15036,2011-11-14,104.0,130.0,197.65825578334312
15056N,2011-11-14,100.0,94.0,88.89966400395268
16014,2011-11-14,0.0,6.0,136.84456131159357
16033,2011-11-14,0.0,120.0,24.5905120836703
16156S,2011-11-14,50.0,425.0,224.61511826104814
16161P,2011-11-14,75.0,50.0,144.05452049144654
17003,2011-11-14,315.0,548.0,192.16754801342927
20668,2011-11-14,718.0,700.0,948.5218222144983
20711,2011-11-14,66.0,820.0,172.06291466920362
20712,2011-11-14,84.0,130.0,285.3615936045996
20713,2011-11-14,144.0,326.0,333.1009942245473
20718,2011-11-14,103.0,84.0,127.21483871623415
20719,2011-11-14,299.0,366.0,299.37887138639485
20723,2011-11-14,169.0,277.0,217.04966599640682
20724,2011-11-14,455.0,310.0,476.66109850659205
20725,2011-11-14,649.0,263.0,406.1402613141041
20726,2011-11-14,209.0,120.0,237.4141848982179
20727,2011-11-14,384.0,302.0,280.39764245640964
20728,2011-11-14,190.0,83.0,221.13373856710732
20914,2011-11-14,193.0,150.0,175.13550546053088
20971,2011-11-14,666.0,728.0,416.62128545566037
20972,2011-11-14,321.0,614.0,232.4699742616059
20974,2011-11-14,0.0,189.0,96.5497417802012
20975,2011-11-14,257.0,279.0,247.4063531531359
21080,2011-11-14,204.0,108.0,221.87688302992555
21085,2011-11-14,0.0,0.0,0.0
21086,2011-11-14,39.0,279.0,162.17623028861115
21088,2011-11-14,34.0,0.0,3.098972349320525
21091,2011-11-14,0.0,0.0,0.0
21092,2011-11-14,0.0,0.0,0.0
21094,2011-11-14,32.0,176.0,175.95663655004776
21096,2011-11-14,26.0,0.0,22.528271179498546
21099,2011-11-14,0.0,0.0,0.0
21108,2011-11-14,673.0,85.0,194.4979454744248
21121,2011-11-14,156.0,97.0,131.09452902091468
21122,2011-11-14,59.0,53.0,112.43980828813145
21137,2011-11-14,259.0,928.0,414.79986011679557
21166,2011-11-14,192.0,204.0,276.1256737627069
21175,2011-11-14,342.0,194.0,271.78464961856827
21181,2011-11-14,201.0,342.0,199.3103715421134
21210,2011-11-14,142.0,83.0,131.66070993102133
21212,2011-11-14,588.0,890.0,760.9529924642793
21213,2011-11-14,163.0,209.0,317.5334102576695
21231,2011-11-14,98.0,507.0,203.8081972709807
21232,2011-11-14,768.0,1010.0,311.1965036309552
21326,2011-11-14,280.0,180.0,281.9683995577392
21495,2011-11-14,250.0,75.0,204.03725182010365
21497,2011-11-14,100.0,175.0,447.39100333841236
21498,2011-11-14,275.0,500.0,301.95972210995535
21499,2011-11-14,300.0,300.0,205.43212693774643
21500,2011-11-14,150.0,125.0,167.6532991859951
21703,2011-11-14,117.0,246.0,220.1355583459507
21704,2011-11-14,221.0,104.0,182.13601318596508
21731,2011-11-14,833.0,394.0,332.1034244503057
21733,2011-11-14,164.0,349.0,291.31187751400836
21787,2011-11-14,869.0,11.0,83.28033936619023
21790,2011-11-14,758.0,789.0,672.3637837705221
21791,2011-11-14,586.0,467.0,232.3633753302826
21829,2011-11-14,0.0,516.0,114.43231928905399
21871,2011-11-14,85.0,98.0,152.63904466977098
21877,2011-11-14,96.0,109.0,238.4186021143014
21889,2011-11-14,544.0,503.0,272.04638088611495
21891,2011-11-14,340.0,85.0,274.65283533545147
21914,2011-11-14,588.0,850.0,255.1702242254318
21915,2011-11-14,351.0,3.0,951.6786581486951
21918,2011-11-14,89.0,88.0,85.32717100839045
21928,2011-11-14,99.0,463.0,260.43033220982306
21929,2011-11-14,101.0,180.0,220.16726000038267
21930,2011-11-14,100.0,273.0,230.66514957073392
21931,2011-11-14,189.0,651.0,430.0626191415594
21967,2011-11-14,87.0,159.0,122.70592231623256
21975,2011-11-14,173.0,170.0,263.0474546108601
21976,2011-11-14,45.0,139.0,174.9218215953889
21977,2011-11-14,415.0,563.0,279.4580600485159
21980,2011-11-14,74.0,295.0,169.43019979747947
21981,2011-11-14,82.0,86.0,80.37550352025957
21982,2011-11-14,166.0,404.0,181.1183532963302
21984,2011-11-14,12.0,229.0,83.00538112060894
21985,2011-11-14,152.0,188.0,106.53473402500781
21986,2011-11-14,18.0,354.0,184.29722647104435
22029,2011-11-14,125.0,54.0,199.98563859810687
22030,2011-11-14,168.0,181.0,349.2577788798472
22045,2011-11-14,500.0,25.0,205.58600366867768
22077,2011-11-14,242.0,430.0,371.1135794834211
22083,2011-11-14,223.0,166.0,136.0012871437255
22086,2011-11-14,2153.0,1674.0,1924.0159939381922
22090,2011-11-14,83.0,114.0,86.62418479774239
22114,2011-11-14,564.0,276.0,431.98934830732287
22147,2011-11-14,70.0,451.0,173.76772045291773
22149,2011-11-14,0.0,296.0,170.15519391452798
22151,2011-11-14,124.0,322.0,179.25758565338495
22178,2011-11-14,449.0,1027.0,633.368603225364
22189,2011-11-14,42.0,726.0,244.17868802742285
22197,2011-11-14,3142.0,4115.0,1807.6987123558383
22294,2011-11-14,137.0,332.0,200.6542203455358
22297,2011-11-14,44.0,406.0,95.07089975161765
22326,2011-11-14,318.0,139.0,202.45948775498448
22328,2011-11-14,69.0,223.0,138.79155904590507
22348,2011-11-14,104.0,84.0,84.80437220457344
22355,2011-11-14,440.0,448.0,398.0119290622424
22356,2011-11-14,227.0,239.0,232.12363219493227
22379,2011-11-14,90.0,645.0,241.05765736437877
22382,2011-11-14,410.0,96.0,264.2867815687408
22383,2011-11-14,156.0,202.0,271.7683357692981
22384,2011-11-14,256.0,103.0,183.46923770626506
22385,2011-11-14,147.0,249.0,222.24807536175447
22386,2011-11-14,521.0,659.0,735.4041846786171
22411,2011-11-14,280.0,688.0,363.5445777714695
22417,2011-11-14,87.0,202.0,217.5506346063347
22418,2011-11-14,272.0,365.0,222.3161388157536
22423,2011-11-14,234.0,571.0,181.92388478191808
22457,2011-11-14,161.0,287.0,219.02897837949635
22467,2011-11-14,175.0,245.0,249.5981924845102
22469,2011-11-14,361.0,22.0,435.7850631219556
22470,2011-11-14,103.0,306.0,403.12393883972277
22489,2011-11-14,557.0,215.0,178.057239601815
22492,2011-11-14,679.0,515.0,884.2431223264639
22534,2011-11-14,214.0,464.0,151.43435790268109
22551,2011-11-14,269.0,240.0,247.43285627793213
22554,2011-11-14,203.0,152.0,261.06093209831414
22555,2011-11-14,124.0,117.0,187.69676685829745
22556,2011-11-14,142.0,684.0,208.41991292749137
22558,2011-11-14,38.0,0.0,209.94077775960977
22560,2011-11-14,141.0,364.0,283.6626007218975
22561,2011-11-14,219.0,217.0,206.44834862929704
22577,2011-11-14,1106.0,509.0,1410.9684556306024
22578,2011-11-14,1169.0,408.0,991.7335996623634
22585,2011-11-14,134.0,811.0,213.72773360208035
22595,2011-11-14,232.0,310.0,663.1917746892445
22610,2011-11-14,576.0,0.0,711.7653105718795
22616,2011-11-14,1349.0,3262.0,525.7143304132275
22629,2011-11-14,308.0,291.0,339.3540982545626
22630,2011-11-14,284.0,305.0,236.9295143095312
22659,2011-11-14,137.0,515.0,263.47522680065634
22693,2011-11-14,216.0,237.0,243.70714491290965
22699,2011-11-14,169.0,154.0,219.83109057756698
22740,2011-11-14,0.0,457.0,183.50804389588598
22865,2011-11-14,530.0,805.0,617.7031961709242
22866,2011-11-14,444.0,723.0,542.9334894207691
22867,2011-11-14,386.0,731.0,420.2838251133508
22909,2011-11-14,714.0,856.0,603.6449308681617
22910,2011-11-14,1216.0,1080.0,714.4437390267857
22952,2011-11-14,1088.0,1365.0,1647.6289016407018
22961,2011-11-14,355.0,0.0,390.01378339955346
22969,2011-11-14,168.0,106.0,260.6300283264672
22993,2011-11-14,376.0,287.0,376.09870566714613
22998,2011-11-14,808.0,345.0,433.8643672089737
23084,2011-11-14,4277.0,2620.0,2012.5705562144835
23166,2011-11-14,36.0,85.0,160.57326054756177
23199,2011-11-14,388.0,686.0,409.56465973255143
23201,2011-11-14,483.0,912.0,457.11148931044585
23203,2011-11-14,1118.0,1413.0,939.4024596205189
23206,2011-11-14,403.0,382.0,345.8860819288887
23209,2011-11-14,283.0,616.0,500.6848792119205
37340,2011-11-14,72.0,19.0,96.74128592336531
37410,2011-11-14,0.0,0.0,0.0
40016,2011-11-14,0.0,661.0,76.03074644647822
47566,2011-11-14,218.0,98.0,171.12616673847333
71459,2011-11-14,384.0,295.0,175.90694447687557
71477,2011-11-14,132.0,711.0,165.98232396042516
72741,2011-11-14,233.0,341.0,191.8853829780778
75049L,2011-11-14,12.0,37.0,90.77469248409645
79000,2011-11-14,0.0,132.0,15.002629773311916
79321,2011-11-14,389.0,541.0,270.05390602697616
82482,2011-11-14,181.0,201.0,320.583718707325
82494L,2011-11-14,246.0,162.0,209.37889369689728
82580,2011-11-14,134.0,142.0,156.4869050692915
82583,2011-11-14,111.0,238.0,346.9350151502886
82600,2011-11-14,0.0,195.0,93.87811191000118
84077,2011-11-14,1170.0,2556.0,1641.760129879475
84212,2011-11-14,2.0,60.0,246.39897252638772
84270,2011-11-14,0.0,120.0,21.75160420900684
84347,2011-11-14,735.0,416.0,620.6098459113795
84378,2011-11-14,122.0,142.0,193.84896529730125
84568,2011-11-14,319.0,309.0,196.57710757858874
84598,2011-11-14,314.0,1748.0,181.56081792285258
84692,2011-11-14,144.0,209.0,217.50355088961106
84755,2011-11-14,144.0,152.0,248.61396619974937
84836,2011-11-14,201.0,310.0,232.72461215321042
84879,2011-11-14,1310.0,5584.0,1376.1762223432013
84945,2011-11-14,276.0,870.0,348.57233776564516
84946,2011-11-14,809.0,1309.0,715.7435950040003
84947,2011-11-14,527.0,279.0,307.4458606742375
84949,2011-11-14,372.0,419.0,188.57978158568713
84970L,2011-11-14,25.0,189.0,144.1076538694273
84970S,2011-11-14,84.0,383.0,130.22622794321518
84978,2011-11-14,420.0,157.0,185.4528465076251
84991,2011-11-14,547.0,561.0,404.87471324292306
84992,2011-11-14,472.0,157.0,236.25056087595954
85099B,2011-11-14,1602.0,2126.0,1426.7366695314852
85099C,2011-11-14,620.0,676.0,342.1797262175627
85099F,2011-11-14,196.0,1184.0,485.3644663436132
85110,2011-11-14,0.0,0.0,0.0
85123A,2011-11-14,1326.0,1624.0,929.7958054573829
85152,2011-11-14,1.0,203.0,205.807998329848
85175,2011-11-14,208.0,192.0,154.2886737536912
85220,2011-11-14,0.0,0.0,0.0
15036,2011-11-21,237.0,355.0,177.86408687988074
15056N,2011-11-21,8.0,45.0,135.25143928837062
16014,2011-11-21,514.0,0.0,0.0
16033,2011-11-21,0.0,360.0,0.0
16156S,2011-11-21,100.0,150.0,147.2581770387593
16161P,2011-11-21,100.0,175.0,119.73858213244888
17003,2011-11-21,474.0,1522.0,356.09630276559585
20668,2011-11-21,950.0,367.0,719.3268060491309
20711,2011-11-21,142.0,276.0,121.6063702442051
20712,2011-11-21,220.0,124.0,199.86162915293554
20713,2011-11-21,50.0,386.0,249.0880972985384
20718,2011-11-21,68.0,173.0,122.61579030449374
20719,2011-11-21,241.0,222.0,226.6240712679553
20723,2011-11-21,343.0,242.0,191.13205036747928
20724,2011-11-21,735.0,485.0,462.73810879252665
20725,2011-11-21,276.0,666.0,576.776087596837
20726,2011-11-21,109.0,154.0,179.2440043204851
20727,2011-11-21,348.0,141.0,239.68209149536142
20728,2011-11-21,386.0,145.0,209.98319439878603
20914,2011-11-21,156.0,188.0,165.7851135917765
20971,2011-11-21,94.0,616.0,734.8341732751411
20972,2011-11-21,151.0,397.0,232.84625098837725
20974,2011-11-21,1.0,495.0,131.88714194818155
20975,2011-11-21,248.0,427.0,289.4693167055099
21080,2011-11-21,294.0,399.0,204.28200884661643
21085,2011-11-21,0.0,0.0,0.0
21086,2011-11-21,127.0,251.0,168.0372502296723
21088,2011-11-21,0.0,0.0,136.6818663391045
21091,2011-11-21,0.0,0.0,0.0
21092,2011-11-21,0.0,0.0,0.0
21094,2011-11-21,103.0,338.0,150.9405251655019
21096,2011-11-21,0.0,0.0,197.83986324458382
21099,2011-11-21,0.0,0.0,0.0
21108,2011-11-21,389.0,64.0,347.7907127695068
21121,2011-11-21,114.0,250.0,191.99499307632632
21122,2011-11-21,116.0,125.0,81.87543273211689
21137,2011-11-21,580.0,191.0,233.0171104361894
21166,2011-11-21,12.0,468.0,300.23221750846676
21175,2011-11-21,337.0,157.0,261.6261489074082
21181,2011-11-21,41.0,598.0,173.81166294886953
21210,2011-11-21,307.0,290.0,149.61002019430953
21212,2011-11-21,341.0,1686.0,691.392821798716
21213,2011-11-21,64.0,865.0,296.67069098565787
21231,2011-11-21,239.0,246.0,137.10411561279005
21232,2011-11-21,225.0,431.0,215.29518216572015
21326,2011-11-21,339.0,289.0,220.17277755340578
21495,2011-11-21,250.0,175.0,185.32451312222767
21497,2011-11-21,100.0,200.0,227.11018826550716
21498,2011-11-21,275.0,425.0,262.24088185302605
21499,2011-11-21,125.0,150.0,180.32971301582208
21500,2011-11-21,100.0,100.0,122.60865082745491
21703,2011-11-21,418.0,159.0,171.62526531193342
21704,2011-11-21,53.0,115.0,223.38416673911019
21731,2011-11-21,285.0,502.0,424.37719681293026
21733,2011-11-21,318.0,284.0,217.76227962826516
21787,2011-11-21,349.0,127.0,335.08778559465026
21790,2011-11-21,432.0,519.0,668.6864584991279
21791,2011-11-21,245.0,569.0,304.7103538025882
21829,2011-11-21,0.0,482.0,0.0
21871,2011-11-21,65.0,187.0,136.14788107973544
21877,2011-11-21,50.0,180.0,136.99200710846074
21889,2011-11-21,217.0,318.0,273.2723083476325
21891,2011-11-21,81.0,182.0,246.2732775660284
21914,2011-11-21,483.0,581.0,276.5422853301489
21915,2011-11-21,22.0,336.0,643.1249344380761
21918,2011-11-21,127.0,121.0,131.72523187989225
21928,2011-11-21,81.0,243.0,182.15560071992115
21929,2011-11-21,53.0,233.0,184.97879017700808
21930,2011-11-21,81.0,141.0,158.09347327982755
21931,2011-11-21,212.0,393.0,318.48472116816106
21967,2011-11-21,50.0,57.0,87.98854796019624
21975,2011-11-21,237.0,468.0,194.7965395729676
21976,2011-11-21,20.0,246.0,120.22110716588148
21977,2011-11-21,392.0,777.0,310.4956222556137
21980,2011-11-21,91.0,205.0,138.09699985066365
21981,2011-11-21,53.0,203.0,72.66565501990007
21982,2011-11-21,96.0,341.0,172.20761518832654
21984,2011-11-21,55.0,134.0,99.24328866686973
21985,2011-11-21,112.0,194.0,136.80678983108493
21986,2011-11-21,81.0,250.0,1.9626254528478242
22029,2011-11-21,147.0,376.0,190.08487111093825
22030,2011-11-21,109.0,324.0,443.77863896415573
22045,2011-11-21,100.0,200.0,169.6950818609969
22077,2011-11-21,193.0,363.0,306.5601213739808
22083,2011-11-21,153.0,211.0,145.6473196221996
22086,2011-11-21,1691.0,1791.0,1751.6907586072027
22090,2011-11-21,68.0,136.0,96.04347118751855
22114,2011-11-21,357.0,264.0,318.2577151318948
22147,2011-11-21,0.0,144.0,34.50504402218298
22149,2011-11-21,0.0,365.0,82.67429102952909
22151,2011-11-21,262.0,215.0,171.77237588308904
22178,2011-11-21,372.0,454.0,468.1145375910652
22189,2011-11-21,33.0,121.0,136.5991975576537
22197,2011-11-21,2955.0,1746.0,1619.9563350446003
22294,2011-11-21,115.0,873.0,196.61387789522334
22297,2011-11-21,79.0,165.0,119.41388715235158
22326,2011-11-21,258.0,147.0,203.37431764594913
22328,2011-11-21,244.0,122.0,110.01033002129857
22348,2011-11-21,120.0,109.0,95.07942412561819
22355,2011-11-21,671.0,463.0,410.552205186489
22356,2011-11-21,490.0,232.0,246.47179866226202
22379,2011-11-21,116.0,104.0,138.76037497104062
22382,2011-11-21,427.0,134.0,299.6662651445428
22383,2011-11-21,288.0,169.0,206.42750242095255
22384,2011-11-21,140.0,99.0,156.56128885461402
22385,2011-11-21,113.0,402.0,182.84158709408348
22386,2011-11-21,253.0,699.0,458.72681594952724
22411,2011-11-21,355.0,505.0,286.6391750604932
22417,2011-11-21,252.0,368.0,151.72989140380022
22418,2011-11-21,111.0,339.0,215.19118707664728
22423,2011-11-21,260.0,570.0,179.92330957748575
22457,2011-11-21,194.0,392.0,199.58185191947175
22467,2011-11-21,224.0,129.0,227.28914845734522
22469,2011-11-21,213.0,19.0,252.8431881530985
22470,2011-11-21,155.0,85.0,186.7812157026888
22489,2011-11-21,215.0,275.0,222.76922676928064
22492,2011-11-21,402.0,797.0,477.9263330558523
22534,2011-11-21,71.0,368.0,166.6233877807405
22551,2011-11-21,274.0,338.0,236.18877902100326
22554,2011-11-21,394.0,485.0,229.1953028973566
22555,2011-11-21,174.0,345.0,184.59028421025775
22556,2011-11-21,304.0,422.0,178.83241292138854
22558,2011-11-21,150.0,0.0,134.29368020312793
22560,2011-11-21,181.0,237.0,208.17629450590593
22561,2011-11-21,229.0,232.0,216.74605194679646
22577,2011-11-21,1235.0,324.0,896.0130042672389
22578,2011-11-21,1405.0,218.0,725.9258244447046
22585,2011-11-21,396.0,539.0,203.39187835712744
22595,2011-11-21,176.0,386.0,443.5563106449252
22610,2011-11-21,254.0,76.0,530.4085689266594
22616,2011-11-21,100.0,1121.0,619.8604490685525
22629,2011-11-21,342.0,661.0,309.39562998488316
22630,2011-11-21,303.0,602.0,216.0058767732635
22659,2011-11-21,110.0,272.0,212.0417258205088
22693,2011-11-21,64.0,481.0,245.4381331704032
22699,2011-11-21,116.0,236.0,200.52341212542728
22740,2011-11-21,0.0,523.0,404.7239584669791
22865,2011-11-21,344.0,1406.0,676.781148060677
22866,2011-11-21,217.0,1171.0,541.8902987653423
22867,2011-11-21,259.0,1060.0,372.4853049777475
22909,2011-11-21,265.0,830.0,602.4985841929536
22910,2011-11-21,1039.0,846.0,670.267699396705
22952,2011-11-21,612.0,2107.0,988.0887826477136
22961,2011-11-21,515.0,0.0,324.8728435027708
22969,2011-11-21,93.0,120.0,218.1131204372814
22993,2011-11-21,424.0,376.0,309.71670814648184
22998,2011-11-21,71.0,808.0,546.8810068558065
23084,2011-11-21,2340.0,4277.0,2433.3518947712814
23166,2011-11-21,422.0,36.0,95.04799649669602
23199,2011-11-21,275.0,388.0,470.1901265522275
23201,2011-11-21,138.0,483.0,546.5572971485052
23203,2011-11-21,520.0,1118.0,814.4218317513045
23206,2011-11-21,190.0,403.0,299.23165599203884
23209,2011-11-21,232.0,283.0,395.06006316258686
37340,2011-11-21,78.0,60.0,31.049450854093642
37410,2011-11-21,0.0,0.0,0.0
40016,2011-11-21,0.0,51.0,22.408549867565018
47566,2011-11-21,455.0,286.0,190.3711700501987
71459,2011-11-21,60.0,81.0,210.23515140658182
71477,2011-11-21,528.0,209.0,201.99043575926436
72741,2011-11-21,276.0,392.0,164.23454915246185
75049L,2011-11-21,412.0,203.0,101.21871144298758
79000,2011-11-21,0.0,132.0,0.0
79321,2011-11-21,959.0,304.0,287.97230859714864
82482,2011-11-21,136.0,224.0,214.86004143367037
82494L,2011-11-21,304.0,252.0,184.40505290712224
82580,2011-11-21,97.0,241.0,140.89248179320575
82583,2011-11-21,349.0,232.0,206.11719490183256
82600,2011-11-21,9.0,168.0,44.717710413688145
84077,2011-11-21,915.0,826.0,2581.9184533600464
84212,2011-11-21,30.0,98.0,137.11364269655343
84270,2011-11-21,0.0,0.0,0.0
84347,2011-11-21,1170.0,1423.0,742.0668260888461
84378,2011-11-21,243.0,63.0,139.42153888889817
84568,2011-11-21,362.0,637.0,370.62316950290904
84598,2011-11-21,21.0,604.0,274.2756571583182
84692,2011-11-21,138.0,180.0,206.25264498391562
84755,2011-11-21,348.0,162.0,194.73727413626182
84836,2011-11-21,97.0,545.0,219.78078418581913
84879,2011-11-21,1026.0,1460.0,1286.9664703818348
84945,2011-11-21,559.0,324.0,249.38664096572222
84946,2011-11-21,577.0,855.0,945.2316728313385
84947,2011-11-21,69.0,211.0,257.13804734864226
84949,2011-11-21,62.0,503.0,235.24211381307933
84970L,2011-11-21,55.0,258.0,107.36388748277184
84970S,2011-11-21,203.0,549.0,126.8174031050528
84978,2011-11-21,86.0,290.0,230.24330835270416
84991,2011-11-21,357.0,767.0,414.918593007858
84992,2011-11-21,104.0,2094.0,316.84992300686736
85099B,2011-11-21,753.0,1215.0,1483.7446502881428
85099C,2011-11-21,203.0,469.0,283.3371497394541
85099F,2011-11-21,42.0,333.0,294.8898776852756
85110,2011-11-21,0.0,0.0,0.0
85123A,2011-11-21,903.0,888.0,1090.5781559959316
85152,2011-11-21,27.0,174.0,179.6078417075462
85175,2011-11-21,128.0,144.0,140.65160400566953
85220,2011-11-21,0.0,0.0,0.0
15036,2011-11-28,143.0,927.0,293.7079087940105
15056N,2011-11-28,36.0,90.0,0.0
16014,2011-11-28,71.0,0.0,214.3867794018179
16033,2011-11-28,0.0,0.0,0.0
16156S,2011-11-28,125.0,150.0,169.19393926954555
16161P,2011-11-28,25.0,125.0,148.99984279378853
17003,2011-11-28,130.0,1757.0,373.42611339809184
20668,2011-11-28,1656.0,655.0,907.4443454691385
20711,2011-11-28,18.0,123.0,189.00810947214154
20712,2011-11-28,133.0,168.0,238.6950399392088
20713,2011-11-28,427.0,290.0,247.18445377973924
20718,2011-11-28,111.0,104.0,104.69985458031044
20719,2011-11-28,327.0,175.0,235.71623789617348
20723,2011-11-28,270.0,242.0,220.58213107799546
20724,2011-11-28,550.0,361.0,507.7897770975824
20725,2011-11-28,331.0,327.0,422.29007606519536
20726,2011-11-28,77.0,138.0,175.38697138747244
20727,2011-11-28,281.0,278.0,286.93983448641313
20728,2011-11-28,146.0,194.0,227.99015661760248
20914,2011-11-28,234.0,195.0,189.3458644856408
20971,2011-11-28,256.0,410.0,279.80550672582166
20972,2011-11-28,159.0,561.0,229.84863231048166
20974,2011-11-28,0.0,313.0,62.89525068724945
20975,2011-11-28,183.0,283.0,247.14278361085746
21080,2011-11-28,118.0,226.0,213.41848036570912
21085,2011-11-28,0.0,0.0,0.0
21086,2011-11-28,39.0,337.0,124.89061740474216
21088,2011-11-28,24.0,0.0,34.23273940659075
21091,2011-11-28,0.0,0.0,0.0
21092,2011-11-28,0.0,0.0,0.0
21094,2011-11-28,56.0,182.0,104.80021735330764
21096,2011-11-28,0.0,0.0,0.0
21099,2011-11-28,0.0,0.0,0.0
21108,2011-11-28,227.0,72.0,328.8252385828237
21121,2011-11-28,37.0,233.0,163.12530447089728
21122,2011-11-28,24.0,68.0,117.39770112479135
21137,2011-11-28,183.0,190.0,445.1643156281058
21166,2011-11-28,1115.0,391.0,149.84588289054494
21175,2011-11-28,390.0,200.0,262.9264031896496
21181,2011-11-28,936.0,233.0,215.4421915391181
21210,2011-11-28,174.0,156.0,158.9483820294166
21212,2011-11-28,546.0,1307.0,594.9923073595485
21213,2011-11-28,210.0,619.0,280.2045465222212
21231,2011-11-28,189.0,420.0,189.7179960314371
21232,2011-11-28,463.0,548.0,276.51493482327965
21326,2011-11-28,332.0,826.0,231.9300318792426
21495,2011-11-28,100.0,325.0,247.09671082948154
21497,2011-11-28,175.0,150.0,153.69477856228534
21498,2011-11-28,275.0,550.0,264.4886379802868
21499,2011-11-28,100.0,125.0,179.2716423777701
21500,2011-11-28,275.0,125.0,129.11155654392843
21703,2011-11-28,97.0,74.0,328.89390136407474
21704,2011-11-28,76.0,96.0,130.5277762251569
21731,2011-11-28,359.0,527.0,473.47011182411427
21733,2011-11-28,289.0,400.0,235.70747074802014
21787,2011-11-28,1215.0,55.0,408.23782328084883
21790,2011-11-28,667.0,606.0,594.6774612051717
21791,2011-11-28,197.0,204.0,293.5551715003279
21829,2011-11-28,0.0,154.0,0.0
21871,2011-11-28,107.0,72.0,98.80266834909374
21877,2011-11-28,24.0,221.0,96.06885585277166
21889,2011-11-28,251.0,212.0,292.422026923923
21891,2011-11-28,512.0,123.0,157.77461643928734
21914,2011-11-28,358.0,255.0,297.3791560621286
21915,2011-11-28,1120.0,564.0,1407.00099032448
21918,2011-11-28,58.0,75.0,121.10839930936407
21928,2011-11-28,216.0,93.0,125.07452576202505
21929,2011-11-28,108.0,109.0,180.83847089391693
21930,2011-11-28,179.0,91.0,115.10842707817962
21931,2011-11-28,258.0,427.0,252.66732871298856
21967,2011-11-28,20.0,117.0,91.92301188199639
21975,2011-11-28,100.0,114.0,204.97657164542656
21976,2011-11-28,20.0,194.0,97.39307926502302
21977,2011-11-28,239.0,895.0,330.3289223659902
21980,2011-11-28,30.0,608.0,161.74947613042167
21981,2011-11-28,13.0,124.0,94.74209146565438
21982,2011-11-28,27.0,1004.0,188.38050357173634
21984,2011-11-28,14.0,74.0,10.318278339030607
21985,2011-11-28,105.0,164.0,157.21770298013706
21986,2011-11-28,9.0,96.0,67.81583806894955
22029,2011-11-28,90.0,120.0,172.3916571747039
22030,2011-11-28,676.0,124.0,177.32911574393734
22045,2011-11-28,50.0,75.0,142.05064658677182
22077,2011-11-28,182.0,394.0,266.8828734792984
22083,2011-11-28,101.0,339.0,197.28183965270557
22086,2011-11-28,1562.0,1756.0,1923.748370983364
22090,2011-11-28,59.0,37.0,114.77272292041378
22114,2011-11-28,438.0,478.0,367.5758055372791
22147,2011-11-28,33.0,239.0,188.4530428778065
22149,2011-11-28,0.0,268.0,382.7542067957715
22151,2011-11-28,239.0,224.0,178.75091222521044
22178,2011-11-28,749.0,1827.0,510.1027432204123
22189,2011-11-28,54.0,77.0,155.6447135828134
22197,2011-11-28,3271.0,2207.0,1571.0746033386158
22294,2011-11-28,99.0,341.0,161.22215727319661
22297,2011-11-28,74.0,159.0,114.24336255687753
22326,2011-11-28,145.0,202.0,222.19358518368787
22328,2011-11-28,96.0,76.0,124.70197184890785
22348,2011-11-28,98.0,390.0,136.28730160172472
22355,2011-11-28,712.0,801.0,512.1101181549054
22356,2011-11-28,209.0,122.0,247.2569647625237
22379,2011-11-28,147.0,216.0,214.74385866460864
22382,2011-11-28,125.0,127.0,279.5357245153865
22383,2011-11-28,136.0,349.0,225.95360409452027
22384,2011-11-28,149.0,138.0,210.75566872391764
22385,2011-11-28,333.0,44.0,163.83549921436014
22386,2011-11-28,436.0,272.0,471.2161623730944
22411,2011-11-28,340.0,265.0,250.54507384371703
22417,2011-11-28,107.0,134.0,192.98014150162575
22418,2011-11-28,97.0,118.0,185.185022505058
22423,2011-11-28,236.0,509.0,237.24104595851327
22457,2011-11-28,234.0,324.0,219.65449378359946
22467,2011-11-28,252.0,116.0,230.51649702359407
22469,2011-11-28,809.0,1043.0,379.50892684054435
22470,2011-11-28,861.0,744.0,223.7385876538434
22489,2011-11-28,251.0,206.0,263.5556742240906
22492,2011-11-28,301.0,472.0,780.1368889624271
22534,2011-11-28,61.0,133.0,119.32948647881834
22551,2011-11-28,164.0,565.0,246.73525831761836
22554,2011-11-28,124.0,236.0,257.14340317063227
22555,2011-11-28,151.0,126.0,162.68463981658005
22556,2011-11-28,130.0,219.0,201.25741994990327
22558,2011-11-28,178.0,1.0,135.86881325506607
22560,2011-11-28,406.0,150.0,214.0159539305523
22561,2011-11-28,155.0,125.0,213.00007285955894
22577,2011-11-28,1049.0,266.0,934.5623714800756
22578,2011-11-28,867.0,195.0,907.8703532257566
22585,2011-11-28,105.0,319.0,207.71429982347803
22595,2011-11-28,135.0,284.0,392.32212080047856
22610,2011-11-28,72.0,4.0,363.96351187798945
22616,2011-11-28,636.0,382.0,206.10228599094924
22629,2011-11-28,160.0,420.0,278.3831702876822
22630,2011-11-28,116.0,202.0,232.53174887254164
22659,2011-11-28,272.0,384.0,190.10299532496717
22693,2011-11-28,363.0,168.0,182.40962606677914
22699,2011-11-28,128.0,183.0,193.63527237846085
22740,2011-11-28,0.0,1594.0,0.9426205654350159
22865,2011-11-28,593.0,821.0,540.9057678656777
22866,2011-11-28,440.0,975.0,402.97829584602977
22867,2011-11-28,258.0,724.0,307.108679630567
22909,2011-11-28,345.0,373.0,409.200533680583
22910,2011-11-28,597.0,799.0,955.3804048880014
22952,2011-11-28,1031.0,822.0,779.9906029836011
22961,2011-11-28,269.0,91.0,317.36550994717163
22969,2011-11-28,142.0,1098.0,218.02962827619064
22993,2011-11-28,429.0,424.0,298.9989964941858
22998,2011-11-28,273.0,71.0,228.58915006533192
23084,2011-11-28,4452.0,2340.0,2439.663824752425
23166,2011-11-28,119.0,422.0,140.93357695809925
23199,2011-11-28,221.0,275.0,361.08379784116596
23201,2011-11-28,767.0,138.0,338.2527619844015
23203,2011-11-28,336.0,520.0,1127.1567073350593
23206,2011-11-28,190.0,190.0,294.4429672787363
23209,2011-11-28,329.0,232.0,296.3181045400794
37340,2011-11-28,24.0,0.0,110.56734091817029
37410,2011-11-28,0.0,0.0,0.0
40016,2011-11-28,0.0,616.0,27.95811932348007
47566,2011-11-28,105.0,67.0,221.2670987636826
71459,2011-11-28,124.0,136.0,151.97984878156637
71477,2011-11-28,313.0,427.0,246.88626153993224
72741,2011-11-28,237.0,207.0,202.77711877247367
75049L,2011-11-28,210.0,134.0,134.0096881045605
79000,2011-11-28,0.0,126.0,0.0
79321,2011-11-28,314.0,343.0,508.01294508637835
82482,2011-11-28,216.0,402.0,246.29110415621062
82494L,2011-11-28,281.0,429.0,226.08438996724766
82580,2011-11-28,190.0,86.0,88.46369741594152
82583,2011-11-28,318.0,139.0,263.91556511342094
82600,2011-11-28,1022.0,289.0,36.01764430285506
84077,2011-11-28,689.0,629.0,918.179457447482
84212,2011-11-28,480.0,86.0,60.87825356423966
84270,2011-11-28,0.0,0.0,0.0
84347,2011-11-28,728.0,647.0,1008.5466663038223
84378,2011-11-28,912.0,94.0,138.19515343926557
84568,2011-11-28,354.0,1452.0,168.9642633269246
84598,2011-11-28,41.0,5.0,91.02888415578228
84692,2011-11-28,86.0,344.0,198.83298926579755
84755,2011-11-28,40.0,80.0,198.34657263627943
84836,2011-11-28,62.0,350.0,196.22819357279792
84879,2011-11-28,953.0,939.0,1271.8904197951088
84945,2011-11-28,552.0,630.0,365.58103155936004
84946,2011-11-28,489.0,1024.0,970.595216420806
84947,2011-11-28,377.0,466.0,234.15154475375525
84949,2011-11-28,231.0,177.0,192.052782486969
84970L,2011-11-28,185.0,174.0,109.98648812332053
84970S,2011-11-28,265.0,483.0,150.0161698587232
84978,2011-11-28,267.0,196.0,154.57109602871742
84991,2011-11-28,136.0,214.0,307.23659537462225
84992,2011-11-28,209.0,281.0,159.2076512763468
85099B,2011-11-28,1050.0,1223.0,1438.7789102073293
85099C,2011-11-28,414.0,216.0,259.7772806041649
85099F,2011-11-28,436.0,175.0,339.5388080357719
85110,2011-11-28,0.0,0.0,0.0
85123A,2011-11-28,730.0,2152.0,1291.1507905844526
85152,2011-11-28,486.0,115.0,81.96939028060297
85175,2011-11-28,16.0,513.0,169.59938516041998
85220,2011-11-28,0.0,0.0,0.0
15036,2011-12-05,14.0,130.0,156.60580641029725
15056N,2011-12-05,66.0,157.0,94.10169705273735
16014,2011-12-05,60.0,14.0,191.9054040349268
16033,2011-12-05,0.0,0.0,0.0
16156S,2011-12-05,50.0,75.0,98.4895227587954
16161P,2011-12-05,150.0,225.0,96.97199685600725
17003,2011-12-05,277.0,798.0,207.64976540759187
20668,2011-12-05,832.0,608.0,873.4348708491532
20711,2011-12-05,0.0,121.0,99.25069980282998
20712,2011-12-05,107.0,139.0,204.98667938271586
20713,2011-12-05,228.0,129.0,236.29041865768085
20718,2011-12-05,264.0,210.0,151.30543460999243
20719,2011-12-05,358.0,363.0,245.59031608121444
20723,2011-12-05,230.0,186.0,185.2471737018212
20724,2011-12-05,586.0,195.0,525.2915581153277
20725,2011-12-05,264.0,293.0,372.36027718296333
20726,2011-12-05,164.0,231.0,123.19381524402056
20727,2011-12-05,171.0,439.0,229.07457719768942
20728,2011-12-05,86.0,236.0,343.4125907482375
20914,2011-12-05,83.0,515.0,185.40847337015092
20971,2011-12-05,202.0,545.0,232.05026897803756
20972,2011-12-05,126.0,397.0,199.46844228705717
20974,2011-12-05,12.0,215.0,11.901613246560602
20975,2011-12-05,164.0,399.0,267.3079797363737
21080,2011-12-05,157.0,575.0,181.42660034062422
21085,2011-12-05,0.0,0.0,0.0
21086,2011-12-05,24.0,403.0,125.59663128937633
21088,2011-12-05,25.0,0.0,98.89655470702648
21091,2011-12-05,0.0,0.0,0.0
21092,2011-12-05,0.0,0.0,0.0
21094,2011-12-05,51.0,581.0,98.38858182332098
21096,2011-12-05,2.0,0.0,0.0
21099,2011-12-05,0.0,0.0,0.0
21108,2011-12-05,153.0,60.0,287.95712884503706
21121,2011-12-05,102.0,950.0,162.8077166694117
21122,2011-12-05,108.0,610.0,113.79294266841801
21137,2011-12-05,1506.0,665.0,447.39567867351116
21166,2011-12-05,441.0,142.0,231.47739798675477
21175,2011-12-05,173.0,85.0,230.8882491856341
21181,2011-12-05,510.0,252.0,216.29924520848962
21210,2011-12-05,57.0,342.0,157.31375279661762
21212,2011-12-05,266.0,1839.0,571.0709328421036
21213,2011-12-05,106.0,185.0,210.73100987420943
21231,2011-12-05,119.0,231.0,169.94658434074552
21232,2011-12-05,264.0,962.0,337.76002096499195
21326,2011-12-05,396.0,342.0,197.70634915928414
21495,2011-12-05,125.0,50.0,136.8757420287044
21497,2011-12-05,325.0,100.0,191.60533740850542
21498,2011-12-05,250.0,600.0,221.7694187664904
21499,2011-12-05,50.0,525.0,134.03971098641173
21500,2011-12-05,25.0,400.0,129.81127737505997
21703,2011-12-05,90.0,310.0,172.2136771549687
21704,2011-12-05,41.0,105.0,134.76602434533072
21731,2011-12-05,311.0,813.0,439.11386404006106
21733,2011-12-05,200.0,335.0,285.07526987434767
21787,2011-12-05,38.0,248.0,420.85340903713495
21790,2011-12-05,243.0,441.0,510.9236338252773
21791,2011-12-05,252.0,517.0,248.88744673425987
21829,2011-12-05,0.0,155.0,17.42190687181829
21871,2011-12-05,90.0,135.0,152.7580009972689
21877,2011-12-05,59.0,62.0,101.9273340228491
21889,2011-12-05,151.0,152.0,225.25572179479596
21891,2011-12-05,131.0,71.0,182.35460894711412
21914,2011-12-05,355.0,207.0,295.2349299253366
21915,2011-12-05,2.0,1772.0,393.9734487894461
21918,2011-12-05,79.0,88.0,65.19654619896798
21928,2011-12-05,170.0,284.0,205.79655332563718
21929,2011-12-05,170.0,307.0,188.25766163273522
21930,2011-12-05,194.0,195.0,181.72038871541912
21931,2011-12-05,177.0,270.0,229.41293093731207
21967,2011-12-05,36.0,154.0,61.634006867573085
21975,2011-12-05,72.0,165.0,142.80589937531806
21976,2011-12-05,82.0,378.0,304.21364239298725
21977,2011-12-05,206.0,668.0,286.75081677275705
21980,2011-12-05,66.0,181.0,84.527879425858
21981,2011-12-05,64.0,253.0,137.38401483236922
21982,2011-12-05,107.0,284.0,111.27363118570898
21984,2011-12-05,31.0,116.0,16.866420748414125
21985,2011-12-05,68.0,61.0,94.32544944792288
21986,2011-12-05,31.0,76.0,22.66640347766676
22029,2011-12-05,315.0,484.0,128.54307396327596
22030,2011-12-05,62.0,168.0,69.5481553068864
22045,2011-12-05,100.0,300.0,82.81328377082438
22077,2011-12-05,161.0,253.0,222.90446038760075
22083,2011-12-05,129.0,112.0,132.39389319399123
22086,2011-12-05,1492.0,1144.0,1007.9415612658524
22090,2011-12-05,60.0,148.0,188.1798763150423
22114,2011-12-05,485.0,436.0,348.8781368998027
22147,2011-12-05,0.0,244.0,419.9195296893473
22149,2011-12-05,0.0,264.0,37.80746143250479
22151,2011-12-05,188.0,242.0,150.89437352807454
22178,2011-12-05,656.0,242.0,388.7238804868094
22189,2011-12-05,360.0,118.0,136.12447031822603
22197,2011-12-05,4456.0,683.0,2099.5938919188334
22294,2011-12-05,31.0,198.0,120.38965663097876
22297,2011-12-05,33.0,124.0,115.71673968116133
22326,2011-12-05,233.0,487.0,186.77458169321682
22328,2011-12-05,88.0,227.0,115.26576400524783
22348,2011-12-05,31.0,79.0,92.96491264341203
22355,2011-12-05,727.0,603.0,500.60583284364594
22356,2011-12-05,186.0,185.0,263.89036852610786
22379,2011-12-05,48.0,286.0,128.28044802226438
22382,2011-12-05,100.0,216.0,234.8077972032937
22383,2011-12-05,112.0,247.0,183.32922334316632
22384,2011-12-05,94.0,170.0,164.63348106363443
22385,2011-12-05,70.0,53.0,171.5422254281071
22386,2011-12-05,102.0,261.0,450.51785794343493
22411,2011-12-05,311.0,257.0,273.75435454223623
22417,2011-12-05,93.0,318.0,152.245284571489
22418,2011-12-05,74.0,363.0,137.30526826553734
22423,2011-12-05,375.0,926.0,185.55801344507944
22457,2011-12-05,782.0,215.0,174.22063762215922
22467,2011-12-05,171.0,231.0,197.76493149653035
22469,2011-12-05,97.0,632.0,443.98739237309053
22470,2011-12-05,62.0,276.0,221.49263007653246
22489,2011-12-05,277.0,103.0,187.42985650524426
22492,2011-12-05,220.0,582.0,377.3059024939647
22534,2011-12-05,100.0,260.0,125.64760942039916
22551,2011-12-05,199.0,274.0,209.19691518179596
22554,2011-12-05,111.0,296.0,217.59994298333797
22555,2011-12-05,95.0,355.0,156.20839857927405
22556,2011-12-05,163.0,196.0,157.55984803801127
22558,2011-12-05,254.0,570.0,162.8657170469814
22560,2011-12-05,948.0,222.0,187.79223375305187
22561,2011-12-05,175.0,84.0,171.2293720820875
22577,2011-12-05,363.0,231.0,555.5202475624377
22578,2011-12-05,890.0,195.0,557.2699290010668
22585,2011-12-05,76.0,710.0,159.9757790077252
22595,2011-12-05,28.0,393.0,245.80078955624214
22610,2011-12-05,216.0,36.0,172.34959803587773
22616,2011-12-05,565.0,813.0,297.8183484309062
22629,2011-12-05,366.0,572.0,247.8346023265868
22630,2011-12-05,136.0,521.0,185.54949402523135
22659,2011-12-05,48.0,529.0,189.28767426681162
22693,2011-12-05,231.0,25.0,241.16016974215813
22699,2011-12-05,279.0,276.0,157.17423995348312
22740,2011-12-05,0.0,162.0,0.0
22865,2011-12-05,631.0,1227.0,488.04191672611756
22866,2011-12-05,473.0,1248.0,436.7289334886217
22867,2011-12-05,609.0,1169.0,308.03778253432455
22909,2011-12-05,504.0,465.0,382.7395551412563
22910,2011-12-05,636.0,753.0,431.9038137173003
22952,2011-12-05,553.0,599.0,425.2014276243266
22961,2011-12-05,931.0,1178.0,478.1401803762456
22969,2011-12-05,154.0,1105.0,182.0762637094033
22993,2011-12-05,407.0,429.0,287.2783580962294
22998,2011-12-05,158.0,273.0,246.25429260520957
23084,2011-12-05,3203.0,4452.0,2416.8234573262853
23166,2011-12-05,177.0,119.0,150.85910849731238
23199,2011-12-05,143.0,221.0,304.82071008522416
23201,2011-12-05,160.0,767.0,395.552150585359
23203,2011-12-05,531.0,336.0,468.1058217391099
23206,2011-12-05,119.0,190.0,238.90171401963252
23209,2011-12-05,341.0,329.0,274.07967274445576
37340,2011-12-05,40.0,6.0,129.01488139544708
37410,2011-12-05,0.0,0.0,0.0
40016,2011-12-05,0.0,168.0,68.96004881702734
47566,2011-12-05,69.0,69.0,158.3461597850219
71459,2011-12-05,100.0,332.0,188.46922053679816
71477,2011-12-05,323.0,501.0,249.28733742274855
72741,2011-12-05,39.0,392.0,198.63464061298657
75049L,2011-12-05,6.0,1.0,149.25736410639473
79000,2011-12-05,0.0,237.0,0.0
79321,2011-12-05,277.0,848.0,178.79126668740713
82482,2011-12-05,79.0,182.0,211.67717369598114
82494L,2011-12-05,113.0,264.0,199.49651717182596
82580,2011-12-05,55.0,99.0,112.5182280451885
82583,2011-12-05,55.0,130.0,271.46827987538103
82600,2011-12-05,191.0,108.0,533.1235021608289
84077,2011-12-05,1073.0,3654.0,611.2341568828933
84212,2011-12-05,48.0,25.0,159.84552918489652
84270,2011-12-05,0.0,33.0,0.0
84347,2011-12-05,510.0,931.0,741.8166578496764
84378,2011-12-05,108.0,202.0,255.75203067219329
84568,2011-12-05,125.0,0.0,114.97923263032146
84598,2011-12-05,16.0,3.0,76.68202069317397
84692,2011-12-05,176.0,276.0,143.0046520904882
84755,2011-12-05,144.0,284.0,145.14607008256033
84836,2011-12-05,52.0,221.0,138.6183660195855
84879,2011-12-05,672.0,1184.0,959.3222024234958
84945,2011-12-05,288.0,624.0,372.10215769368017
84946,2011-12-05,470.0,683.0,573.8588880931783
84947,2011-12-05,271.0,161.0,232.3634969534813
84949,2011-12-05,268.0,276.0,207.24257817060328
84970L,2011-12-05,105.0,264.0,167.97940298797837
84970S,2011-12-05,149.0,316.0,175.31333349898443
84978,2011-12-05,177.0,60.0,170.49682076523703
84991,2011-12-05,88.0,404.0,216.2289746570706
84992,2011-12-05,174.0,234.0,139.53112560450424
85099B,2011-12-05,451.0,1747.0,1044.072968726983
85099C,2011-12-05,169.0,280.0,233.49121596450308
85099F,2011-12-05,39.0,128.0,232.9481469997425
85110,2011-12-05,0.0,0.0,0.0
85123A,2011-12-05,673.0,1649.0,1065.3197822275818
85152,2011-12-05,730.0,221.0,241.9959740891803
85175,2011-12-05,0.0,304.0,116.4347336881809
85220,2011-12-05,0.0,0.0,0.0
