date,week,year,month,season,is_holiday,promo_event
2009-12-01,49,2009,12,Winter,0,Christmas Run-up
2009-12-02,49,2009,12,Winter,0,Christmas Run-up
2009-12-03,49,2009,12,Winter,0,Christmas Run-up
2009-12-04,49,2009,12,Winter,0,Christmas Run-up
2009-12-05,49,2009,12,Winter,0,Christmas Run-up
2009-12-06,49,2009,12,Winter,0,Christmas Run-up
2009-12-07,50,2009,12,Winter,0,Christmas Run-up
2009-12-08,50,2009,12,Winter,0,Christmas Run-up
2009-12-09,50,2009,12,Winter,0,Christmas Run-up
2009-12-10,50,2009,12,Winter,0,Christmas Run-up
2009-12-11,50,2009,12,Winter,0,Christmas Run-up
2009-12-12,50,2009,12,Winter,0,Christmas Run-up
2009-12-13,50,2009,12,Winter,0,Christmas Run-up
2009-12-14,51,2009,12,Winter,0,Christmas Run-up
2009-12-15,51,2009,12,Winter,0,Christmas Run-up
2009-12-16,51,2009,12,Winter,0,Christmas Run-up
2009-12-17,51,2009,12,Winter,0,Christmas Run-up
2009-12-18,51,2009,12,Winter,0,Christmas Run-up
2009-12-19,51,2009,12,Winter,0,Christmas Run-up
2009-12-20,51,2009,12,Winter,0,Christmas Run-up
2009-12-21,52,2009,12,Winter,0,Christmas Run-up
2009-12-22,52,2009,12,Winter,0,Christmas Run-up
2009-12-23,52,2009,12,Winter,0,Christmas Run-up
2009-12-24,52,2009,12,Winter,0,Christmas Run-up
2009-12-25,52,2009,12,Winter,1,
2009-12-26,52,2009,12,Winter,1,
2009-12-27,52,2009,12,Winter,0,
2009-12-28,53,2009,12,Winter,0,
2009-12-29,53,2009,12,Winter,0,
2009-12-30,53,2009,12,Winter,0,
2009-12-31,53,2009,12,Winter,0,
2010-01-01,53,2009,1,Winter,1,January Clearance
2010-01-02,53,2009,1,Winter,0,January Clearance
2010-01-03,53,2009,1,Winter,0,January Clearance
2010-01-04,1,2010,1,Winter,0,January Clearance
2010-01-05,1,2010,1,Winter,0,January Clearance
2010-01-06,1,2010,1,Winter,0,January Clearance
2010-01-07,1,2010,1,Winter,0,January Clearance
2010-01-08,1,2010,1,Winter,0,January Clearance
2010-01-09,1,2010,1,Winter,0,January Clearance
2010-01-10,1,2010,1,Winter,0,January Clearance
2010-01-11,2,2010,1,Winter,0,January Clearance
2010-01-12,2,2010,1,Winter,0,January Clearance
2010-01-13,2,2010,1,Winter,0,January Clearance
2010-01-14,2,2010,1,Winter,0,January Clearance
2010-01-15,2,2010,1,Winter,0,January Clearance
2010-01-16,2,2010,1,Winter,0,January Clearance
2010-01-17,2,2010,1,Winter,0,January Clearance
2010-01-18,3,2010,1,Winter,0,January Clearance
2010-01-19,3,2010,1,Winter,0,January Clearance
2010-01-20,3,2010,1,Winter,0,January Clearance
2010-01-21,3,2010,1,Winter,0,January Clearance
2010-01-22,3,2010,1,Winter,0,January Clearance
2010-01-23,3,2010,1,Winter,0,January Clearance
2010-01-24,3,2010,1,Winter,0,January Clearance
2010-01-25,4,2010,1,Winter,0,January Clearance
2010-01-26,4,2010,1,Winter,0,January Clearance
2010-01-27,4,2010,1,Winter,0,January Clearance
2010-01-28,4,2010,1,Winter,0,January Clearance
2010-01-29,4,2010,1,Winter,0,January Clearance
2010-01-30,4,2010,1,Winter,0,January Clearance
2010-01-31,4,2010,1,Winter,0,January Clearance
2010-02-01,5,2010,2,Winter,0,
2010-02-02,5,2010,2,Winter,0,
2010-02-03,5,2010,2,Winter,0,
2010-02-04,5,2010,2,Winter,0,
2010-02-05,5,2010,2,Winter,0,
2010-02-06,5,2010,2,Winter,0,
2010-02-07,5,2010,2,Winter,0,
2010-02-08,6,2010,2,Winter,0,
2010-02-09,6,2010,2,Winter,0,
2010-02-10,6,2010,2,Winter,0,
2010-02-11,6,2010,2,Winter,0,
2010-02-12,6,2010,2,Winter,0,
2010-02-13,6,2010,2,Winter,0,
2010-02-14,6,2010,2,Winter,0,
2010-02-15,7,2010,2,Winter,0,
2010-02-16,7,2010,2,Winter,0,
2010-02-17,7,2010,2,Winter,0,
2010-02-18,7,2010,2,Winter,0,
2010-02-19,7,2010,2,Winter,0,
2010-02-20,7,2010,2,Winter,0,
2010-02-21,7,2010,2,Winter,0,
2010-02-22,8,2010,2,Winter,0,
2010-02-23,8,2010,2,Winter,0,
2010-02-24,8,2010,2,Winter,0,
2010-02-25,8,2010,2,Winter,0,
2010-02-26,8,2010,2,Winter,0,
2010-02-27,8,2010,2,Winter,0,
2010-02-28,8,2010,2,Winter,0,
2010-03-01,9,2010,3,Spring,0,
2010-03-02,9,2010,3,Spring,0,
2010-03-03,9,2010,3,Spring,0,
2010-03-04,9,2010,3,Spring,0,
2010-03-05,9,2010,3,Spring,0,
2010-03-06,9,2010,3,Spring,0,
2010-03-07,9,2010,3,Spring,0,
2010-03-08,10,2010,3,Spring,0,
2010-03-09,10,2010,3,Spring,0,
2010-03-10,10,2010,3,Spring,0,
2010-03-11,10,2010,3,Spring,0,
2010-03-12,10,2010,3,Spring,0,
2010-03-13,10,2010,3,Spring,0,
2010-03-14,10,2010,3,Spring,0,
2010-03-15,11,2010,3,Spring,0,
2010-03-16,11,2010,3,Spring,0,
2010-03-17,11,2010,3,Spring,0,
2010-03-18,11,2010,3,Spring,0,
2010-03-19,11,2010,3,Spring,0,
2010-03-20,11,2010,3,Spring,0,
2010-03-21,11,2010,3,Spring,0,
2010-03-22,12,2010,3,Spring,0,
2010-03-23,12,2010,3,Spring,0,
2010-03-24,12,2010,3,Spring,0,
2010-03-25,12,2010,3,Spring,0,
2010-03-26,12,2010,3,Spring,0,
2010-03-27,12,2010,3,Spring,0,
2010-03-28,12,2010,3,Spring,0,
2010-03-29,13,2010,3,Spring,0,
2010-03-30,13,2010,3,Spring,0,
2010-03-31,13,2010,3,Spring,0,
2010-04-01,13,2010,4,Spring,0,
2010-04-02,13,2010,4,Spring,0,
2010-04-03,13,2010,4,Spring,0,
2010-04-04,13,2010,4,Spring,0,
2010-04-05,14,2010,4,Spring,0,
2010-04-06,14,2010,4,Spring,0,
2010-04-07,14,2010,4,Spring,0,
2010-04-08,14,2010,4,Spring,0,
2010-04-09,14,2010,4,Spring,0,
2010-04-10,14,2010,4,Spring,0,
2010-04-11,14,2010,4,Spring,0,
2010-04-12,15,2010,4,Spring,0,
2010-04-13,15,2010,4,Spring,0,
2010-04-14,15,2010,4,Spring,0,
2010-04-15,15,2010,4,Spring,0,
2010-04-16,15,2010,4,Spring,0,
2010-04-17,15,2010,4,Spring,0,
2010-04-18,15,2010,4,Spring,0,
2010-04-19,16,2010,4,Spring,0,
2010-04-20,16,2010,4,Spring,0,
2010-04-21,16,2010,4,Spring,0,
2010-04-22,16,2010,4,Spring,0,
2010-04-23,16,2010,4,Spring,0,
2010-04-24,16,2010,4,Spring,0,
2010-04-25,16,2010,4,Spring,0,
2010-04-26,17,2010,4,Spring,0,
2010-04-27,17,2010,4,Spring,0,
2010-04-28,17,2010,4,Spring,0,
2010-04-29,17,2010,4,Spring,0,
2010-04-30,17,2010,4,Spring,0,
2010-05-01,17,2010,5,Spring,0,
2010-05-02,17,2010,5,Spring,0,
2010-05-03,18,2010,5,Spring,0,
2010-05-04,18,2010,5,Spring,0,
2010-05-05,18,2010,5,Spring,0,
2010-05-06,18,2010,5,Spring,0,
2010-05-07,18,2010,5,Spring,0,
2010-05-08,18,2010,5,Spring,0,
2010-05-09,18,2010,5,Spring,0,
2010-05-10,19,2010,5,Spring,0,
2010-05-11,19,2010,5,Spring,0,
2010-05-12,19,2010,5,Spring,0,
2010-05-13,19,2010,5,Spring,0,
2010-05-14,19,2010,5,Spring,0,
2010-05-15,19,2010,5,Spring,0,
2010-05-16,19,2010,5,Spring,0,
2010-05-17,20,2010,5,Spring,0,
2010-05-18,20,2010,5,Spring,0,
2010-05-19,20,2010,5,Spring,0,
2010-05-20,20,2010,5,Spring,0,
2010-05-21,20,2010,5,Spring,0,
2010-05-22,20,2010,5,Spring,0,
2010-05-23,20,2010,5,Spring,0,
2010-05-24,21,2010,5,Spring,0,
2010-05-25,21,2010,5,Spring,0,
2010-05-26,21,2010,5,Spring,0,
2010-05-27,21,2010,5,Spring,0,
2010-05-28,21,2010,5,Spring,0,
2010-05-29,21,2010,5,Spring,0,
2010-05-30,21,2010,5,Spring,0,
2010-05-31,22,2010,5,Spring,0,
2010-06-01,22,2010,6,Summer,0,
2010-06-02,22,2010,6,Summer,0,
2010-06-03,22,2010,6,Summer,0,
2010-06-04,22,2010,6,Summer,0,
2010-06-05,22,2010,6,Summer,0,
2010-06-06,22,2010,6,Summer,0,
2010-06-07,23,2010,6,Summer,0,
2010-06-08,23,2010,6,Summer,0,
2010-06-09,23,2010,6,Summer,0,
2010-06-10,23,2010,6,Summer,0,
2010-06-11,23,2010,6,Summer,0,
2010-06-12,23,2010,6,Summer,0,
2010-06-13,23,2010,6,Summer,0,
2010-06-14,24,2010,6,Summer,0,
2010-06-15,24,2010,6,Summer,0,
2010-06-16,24,2010,6,Summer,0,
2010-06-17,24,2010,6,Summer,0,
2010-06-18,24,2010,6,Summer,0,
2010-06-19,24,2010,6,Summer,0,
2010-06-20,24,2010,6,Summer,0,
2010-06-21,25,2010,6,Summer,0,
2010-06-22,25,2010,6,Summer,0,
2010-06-23,25,2010,6,Summer,0,
2010-06-24,25,2010,6,Summer,0,
2010-06-25,25,2010,6,Summer,0,
2010-06-26,25,2010,6,Summer,0,
2010-06-27,25,2010,6,Summer,0,
2010-06-28,26,2010,6,Summer,0,
2010-06-29,26,2010,6,Summer,0,
2010-06-30,26,2010,6,Summer,0,
2010-07-01,26,2010,7,Summer,0,Summer Sale
2010-07-02,26,2010,7,Summer,0,Summer Sale
2010-07-03,26,2010,7,Summer,0,Summer Sale
2010-07-04,26,2010,7,Summer,0,Summer Sale
2010-07-05,27,2010,7,Summer,0,Summer Sale
2010-07-06,27,2010,7,Summer,0,Summer Sale
2010-07-07,27,2010,7,Summer,0,Summer Sale
2010-07-08,27,2010,7,Summer,0,Summer Sale
2010-07-09,27,2010,7,Summer,0,Summer Sale
2010-07-10,27,2010,7,Summer,0,Summer Sale
2010-07-11,27,2010,7,Summer,0,Summer Sale
2010-07-12,28,2010,7,Summer,0,Summer Sale
2010-07-13,28,2010,7,Summer,0,Summer Sale
2010-07-14,28,2010,7,Summer,0,Summer Sale
2010-07-15,28,2010,7,Summer,0,Summer Sale
2010-07-16,28,2010,7,Summer,0,Summer Sale
2010-07-17,28,2010,7,Summer,0,Summer Sale
2010-07-18,28,2010,7,Summer,0,Summer Sale
2010-07-19,29,2010,7,Summer,0,Summer Sale
2010-07-20,29,2010,7,Summer,0,Summer Sale
2010-07-21,29,2010,7,Summer,0,Summer Sale
2010-07-22,29,2010,7,Summer,0,Summer Sale
2010-07-23,29,2010,7,Summer,0,Summer Sale
2010-07-24,29,2010,7,Summer,0,Summer Sale
2010-07-25,29,2010,7,Summer,0,Summer Sale
2010-07-26,30,2010,7,Summer,0,Summer Sale
2010-07-27,30,2010,7,Summer,0,Summer Sale
2010-07-28,30,2010,7,Summer,0,Summer Sale
2010-07-29,30,2010,7,Summer,0,Summer Sale
2010-07-30,30,2010,7,Summer,0,Summer Sale
2010-07-31,30,2010,7,Summer,0,Summer Sale
2010-08-01,30,2010,8,Summer,0,
2010-08-02,31,2010,8,Summer,0,
2010-08-03,31,2010,8,Summer,0,
2010-08-04,31,2010,8,Summer,0,
2010-08-05,31,2010,8,Summer,0,
2010-08-06,31,2010,8,Summer,0,
2010-08-07,31,2010,8,Summer,0,
2010-08-08,31,2010,8,Summer,0,
2010-08-09,32,2010,8,Summer,0,
2010-08-10,32,2010,8,Summer,0,
2010-08-11,32,2010,8,Summer,0,
2010-08-12,32,2010,8,Summer,0,
2010-08-13,32,2010,8,Summer,0,
2010-08-14,32,2010,8,Summer,0,
2010-08-15,32,2010,8,Summer,0,
2010-08-16,33,2010,8,Summer,0,
2010-08-17,33,2010,8,Summer,0,
2010-08-18,33,2010,8,Summer,0,
2010-08-19,33,2010,8,Summer,0,
2010-08-20,33,2010,8,Summer,0,
2010-08-21,33,2010,8,Summer,0,
2010-08-22,33,2010,8,Summer,0,
2010-08-23,34,2010,8,Summer,0,
2010-08-24,34,2010,8,Summer,0,
2010-08-25,34,2010,8,Summer,0,
2010-08-26,34,2010,8,Summer,0,
2010-08-27,34,2010,8,Summer,0,
2010-08-28,34,2010,8,Summer,0,
2010-08-29,34,2010,8,Summer,0,
2010-08-30,35,2010,8,Summer,0,
2010-08-31,35,2010,8,Summer,0,
2010-09-01,35,2010,9,Autumn,0,
2010-09-02,35,2010,9,Autumn,0,
2010-09-03,35,2010,9,Autumn,0,
2010-09-04,35,2010,9,Autumn,0,
2010-09-05,35,2010,9,Autumn,0,
2010-09-06,36,2010,9,Autumn,0,
2010-09-07,36,2010,9,Autumn,0,
2010-09-08,36,2010,9,Autumn,0,
2010-09-09,36,2010,9,Autumn,0,
2010-09-10,36,2010,9,Autumn,0,
2010-09-11,36,2010,9,Autumn,0,
2010-09-12,36,2010,9,Autumn,0,
2010-09-13,37,2010,9,Autumn,0,
2010-09-14,37,2010,9,Autumn,0,
2010-09-15,37,2010,9,Autumn,0,
2010-09-16,37,2010,9,Autumn,0,
2010-09-17,37,2010,9,Autumn,0,
2010-09-18,37,2010,9,Autumn,0,
2010-09-19,37,2010,9,Autumn,0,
2010-09-20,38,2010,9,Autumn,0,
2010-09-21,38,2010,9,Autumn,0,
2010-09-22,38,2010,9,Autumn,0,
2010-09-23,38,2010,9,Autumn,0,
2010-09-24,38,2010,9,Autumn,0,
2010-09-25,38,2010,9,Autumn,0,
2010-09-26,38,2010,9,Autumn,0,
2010-09-27,39,2010,9,Autumn,0,
2010-09-28,39,2010,9,Autumn,0,
2010-09-29,39,2010,9,Autumn,0,
2010-09-30,39,2010,9,Autumn,0,
2010-10-01,39,2010,10,Autumn,0,
2010-10-02,39,2010,10,Autumn,0,
2010-10-03,39,2010,10,Autumn,0,
2010-10-04,40,2010,10,Autumn,0,
2010-10-05,40,2010,10,Autumn,0,
2010-10-06,40,2010,10,Autumn,0,
2010-10-07,40,2010,10,Autumn,0,
2010-10-08,40,2010,10,Autumn,0,
2010-10-09,40,2010,10,Autumn,0,
2010-10-10,40,2010,10,Autumn,0,
2010-10-11,41,2010,10,Autumn,0,
2010-10-12,41,2010,10,Autumn,0,
2010-10-13,41,2010,10,Autumn,0,
2010-10-14,41,2010,10,Autumn,0,
2010-10-15,41,2010,10,Autumn,0,
2010-10-16,41,2010,10,Autumn,0,
2010-10-17,41,2010,10,Autumn,0,
2010-10-18,42,2010,10,Autumn,0,
2010-10-19,42,2010,10,Autumn,0,
2010-10-20,42,2010,10,Autumn,0,
2010-10-21,42,2010,10,Autumn,0,
2010-10-22,42,2010,10,Autumn,0,
2010-10-23,42,2010,10,Autumn,0,
2010-10-24,42,2010,10,Autumn,0,
2010-10-25,43,2010,10,Autumn,0,
2010-10-26,43,2010,10,Autumn,0,
2010-10-27,43,2010,10,Autumn,0,
2010-10-28,43,2010,10,Autumn,0,
2010-10-29,43,2010,10,Autumn,0,
2010-10-30,43,2010,10,Autumn,0,
2010-10-31,43,2010,10,Autumn,0,
2010-11-01,44,2010,11,Autumn,0,
2010-11-02,44,2010,11,Autumn,0,
2010-11-03,44,2010,11,Autumn,0,
2010-11-04,44,2010,11,Autumn,0,
2010-11-05,44,2010,11,Autumn,0,
2010-11-06,44,2010,11,Autumn,0,
2010-11-07,44,2010,11,Autumn,0,
2010-11-08,45,2010,11,Autumn,0,
2010-11-09,45,2010,11,Autumn,0,
2010-11-10,45,2010,11,Autumn,0,
2010-11-11,45,2010,11,Autumn,0,
2010-11-12,45,2010,11,Autumn,0,
2010-11-13,45,2010,11,Autumn,0,
2010-11-14,45,2010,11,Autumn,0,
2010-11-15,46,2010,11,Autumn,0,
2010-11-16,46,2010,11,Autumn,0,
2010-11-17,46,2010,11,Autumn,0,
2010-11-18,46,2010,11,Autumn,0,
2010-11-19,46,2010,11,Autumn,0,
2010-11-20,46,2010,11,Autumn,0,
2010-11-21,46,2010,11,Autumn,0,
2010-11-22,47,2010,11,Autumn,0,Black Friday / Cyber
2010-11-23,47,2010,11,Autumn,0,Black Friday / Cyber
2010-11-24,47,2010,11,Autumn,0,Black Friday / Cyber
2010-11-25,47,2010,11,Autumn,0,Black Friday / Cyber
2010-11-26,47,2010,11,Autumn,0,Black Friday / Cyber
2010-11-27,47,2010,11,Autumn,0,Black Friday / Cyber
2010-11-28,47,2010,11,Autumn,0,Black Friday / Cyber
2010-11-29,48,2010,11,Autumn,0,Black Friday / Cyber
2010-11-30,48,2010,11,Autumn,0,Black Friday / Cyber
2010-12-01,48,2010,12,Winter,0,Christmas Run-up
2010-12-02,48,2010,12,Winter,0,Christmas Run-up
2010-12-03,48,2010,12,Winter,0,Christmas Run-up
2010-12-04,48,2010,12,Winter,0,Christmas Run-up
2010-12-05,48,2010,12,Winter,0,Christmas Run-up
2010-12-06,49,2010,12,Winter,0,Christmas Run-up
2010-12-07,49,2010,12,Winter,0,Christmas Run-up
2010-12-08,49,2010,12,Winter,0,Christmas Run-up
2010-12-09,49,2010,12,Winter,0,Christmas Run-up
2010-12-10,49,2010,12,Winter,0,Christmas Run-up
2010-12-11,49,2010,12,Winter,0,Christmas Run-up
2010-12-12,49,2010,12,Winter,0,Christmas Run-up
2010-12-13,50,2010,12,Winter,0,Christmas Run-up
2010-12-14,50,2010,12,Winter,0,Christmas Run-up
2010-12-15,50,2010,12,Winter,0,Christmas Run-up
2010-12-16,50,2010,12,Winter,0,Christmas Run-up
2010-12-17,50,2010,12,Winter,0,Christmas Run-up
2010-12-18,50,2010,12,Winter,0,Christmas Run-up
2010-12-19,50,2010,12,Winter,0,Christmas Run-up
2010-12-20,51,2010,12,Winter,0,Christmas Run-up
2010-12-21,51,2010,12,Winter,0,Christmas Run-up
2010-12-22,51,2010,12,Winter,0,Christmas Run-up
2010-12-23,51,2010,12,Winter,0,Christmas Run-up
2010-12-24,51,2010,12,Winter,0,Christmas Run-up
2010-12-25,51,2010,12,Winter,1,
2010-12-26,51,2010,12,Winter,1,
2010-12-27,52,2010,12,Winter,0,
2010-12-28,52,2010,12,Winter,0,
2010-12-29,52,2010,12,Winter,0,
2010-12-30,52,2010,12,Winter,0,
2010-12-31,52,2010,12,Winter,0,
2011-01-01,52,2010,1,Winter,1,January Clearance
2011-01-02,52,2010,1,Winter,0,January Clearance
2011-01-03,1,2011,1,Winter,0,January Clearance
2011-01-04,1,2011,1,Winter,0,January Clearance
2011-01-05,1,2011,1,Winter,0,January Clearance
2011-01-06,1,2011,1,Winter,0,January Clearance
2011-01-07,1,2011,1,Winter,0,January Clearance
2011-01-08,1,2011,1,Winter,0,January Clearance
2011-01-09,1,2011,1,Winter,0,January Clearance
2011-01-10,2,2011,1,Winter,0,January Clearance
2011-01-11,2,2011,1,Winter,0,January Clearance
2011-01-12,2,2011,1,Winter,0,January Clearance
2011-01-13,2,2011,1,Winter,0,January Clearance
2011-01-14,2,2011,1,Winter,0,January Clearance
2011-01-15,2,2011,1,Winter,0,January Clearance
2011-01-16,2,2011,1,Winter,0,January Clearance
2011-01-17,3,2011,1,Winter,0,January Clearance
2011-01-18,3,2011,1,Winter,0,January Clearance
2011-01-19,3,2011,1,Winter,0,January Clearance
2011-01-20,3,2011,1,Winter,0,January Clearance
2011-01-21,3,2011,1,Winter,0,January Clearance
2011-01-22,3,2011,1,Winter,0,January Clearance
2011-01-23,3,2011,1,Winter,0,January Clearance
2011-01-24,4,2011,1,Winter,0,January Clearance
2011-01-25,4,2011,1,Winter,0,January Clearance
2011-01-26,4,2011,1,Winter,0,January Clearance
2011-01-27,4,2011,1,Winter,0,January Clearance
2011-01-28,4,2011,1,Winter,0,January Clearance
2011-01-29,4,2011,1,Winter,0,January Clearance
2011-01-30,4,2011,1,Winter,0,January Clearance
2011-01-31,5,2011,1,Winter,0,January Clearance
2011-02-01,5,2011,2,Winter,0,
2011-02-02,5,2011,2,Winter,0,
2011-02-03,5,2011,2,Winter,0,
2011-02-04,5,2011,2,Winter,0,
2011-02-05,5,2011,2,Winter,0,
2011-02-06,5,2011,2,Winter,0,
2011-02-07,6,2011,2,Winter,0,
2011-02-08,6,2011,2,Winter,0,
2011-02-09,6,2011,2,Winter,0,
2011-02-10,6,2011,2,Winter,0,
2011-02-11,6,2011,2,Winter,0,
2011-02-12,6,2011,2,Winter,0,
2011-02-13,6,2011,2,Winter,0,
2011-02-14,7,2011,2,Winter,0,
2011-02-15,7,2011,2,Winter,0,
2011-02-16,7,2011,2,Winter,0,
2011-02-17,7,2011,2,Winter,0,
2011-02-18,7,2011,2,Winter,0,
2011-02-19,7,2011,2,Winter,0,
2011-02-20,7,2011,2,Winter,0,
2011-02-21,8,2011,2,Winter,0,
2011-02-22,8,2011,2,Winter,0,
2011-02-23,8,2011,2,Winter,0,
2011-02-24,8,2011,2,Winter,0,
2011-02-25,8,2011,2,Winter,0,
2011-02-26,8,2011,2,Winter,0,
2011-02-27,8,2011,2,Winter,0,
2011-02-28,9,2011,2,Winter,0,
2011-03-01,9,2011,3,Spring,0,
2011-03-02,9,2011,3,Spring,0,
2011-03-03,9,2011,3,Spring,0,
2011-03-04,9,2011,3,Spring,0,
2011-03-05,9,2011,3,Spring,0,
2011-03-06,9,2011,3,Spring,0,
2011-03-07,10,2011,3,Spring,0,
2011-03-08,10,2011,3,Spring,0,
2011-03-09,10,2011,3,Spring,0,
2011-03-10,10,2011,3,Spring,0,
2011-03-11,10,2011,3,Spring,0,
2011-03-12,10,2011,3,Spring,0,
2011-03-13,10,2011,3,Spring,0,
2011-03-14,11,2011,3,Spring,0,
2011-03-15,11,2011,3,Spring,0,
2011-03-16,11,2011,3,Spring,0,
2011-03-17,11,2011,3,Spring,0,
2011-03-18,11,2011,3,Spring,0,
2011-03-19,11,2011,3,Spring,0,
2011-03-20,11,2011,3,Spring,0,
2011-03-21,12,2011,3,Spring,0,
2011-03-22,12,2011,3,Spring,0,
2011-03-23,12,2011,3,Spring,0,
2011-03-24,12,2011,3,Spring,0,
2011-03-25,12,2011,3,Spring,0,
2011-03-26,12,2011,3,Spring,0,
2011-03-27,12,2011,3,Spring,0,
2011-03-28,13,2011,3,Spring,0,
2011-03-29,13,2011,3,Spring,0,
2011-03-30,13,2011,3,Spring,0,
2011-03-31,13,2011,3,Spring,0,
2011-04-01,13,2011,4,Spring,0,
2011-04-02,13,2011,4,Spring,0,
2011-04-03,13,2011,4,Spring,0,
2011-04-04,14,2011,4,Spring,0,
2011-04-05,14,2011,4,Spring,0,
2011-04-06,14,2011,4,Spring,0,
2011-04-07,14,2011,4,Spring,0,
2011-04-08,14,2011,4,Spring,0,
2011-04-09,14,2011,4,Spring,0,
2011-04-10,14,2011,4,Spring,0,
2011-04-11,15,2011,4,Spring,0,
2011-04-12,15,2011,4,Spring,0,
2011-04-13,15,2011,4,Spring,0,
2011-04-14,15,2011,4,Spring,0,
2011-04-15,15,2011,4,Spring,0,
2011-04-16,15,2011,4,Spring,0,
2011-04-17,15,2011,4,Spring,0,
2011-04-18,16,2011,4,Spring,0,
2011-04-19,16,2011,4,Spring,0,
2011-04-20,16,2011,4,Spring,0,
2011-04-21,16,2011,4,Spring,0,
2011-04-22,16,2011,4,Spring,0,
2011-04-23,16,2011,4,Spring,0,
2011-04-24,16,2011,4,Spring,0,
2011-04-25,17,2011,4,Spring,0,
2011-04-26,17,2011,4,Spring,0,
2011-04-27,17,2011,4,Spring,0,
2011-04-28,17,2011,4,Spring,0,
2011-04-29,17,2011,4,Spring,0,
2011-04-30,17,2011,4,Spring,0,
2011-05-01,17,2011,5,Spring,0,
2011-05-02,18,2011,5,Spring,0,
2011-05-03,18,2011,5,Spring,0,
2011-05-04,18,2011,5,Spring,0,
2011-05-05,18,2011,5,Spring,0,
2011-05-06,18,2011,5,Spring,0,
2011-05-07,18,2011,5,Spring,0,
2011-05-08,18,2011,5,Spring,0,
2011-05-09,19,2011,5,Spring,0,
2011-05-10,19,2011,5,Spring,0,
2011-05-11,19,2011,5,Spring,0,
2011-05-12,19,2011,5,Spring,0,
2011-05-13,19,2011,5,Spring,0,
2011-05-14,19,2011,5,Spring,0,
2011-05-15,19,2011,5,Spring,0,
2011-05-16,20,2011,5,Spring,0,
2011-05-17,20,2011,5,Spring,0,
2011-05-18,20,2011,5,Spring,0,
2011-05-19,20,2011,5,Spring,0,
2011-05-20,20,2011,5,Spring,0,
2011-05-21,20,2011,5,Spring,0,
2011-05-22,20,2011,5,Spring,0,
2011-05-23,21,2011,5,Spring,0,
2011-05-24,21,2011,5,Spring,0,
2011-05-25,21,2011,5,Spring,0,
2011-05-26,21,2011,5,Spring,0,
2011-05-27,21,2011,5,Spring,0,
2011-05-28,21,2011,5,Spring,0,
2011-05-29,21,2011,5,Spring,0,
2011-05-30,22,2011,5,Spring,0,
2011-05-31,22,2011,5,Spring,0,
2011-06-01,22,2011,6,Summer,0,
2011-06-02,22,2011,6,Summer,0,
2011-06-03,22,2011,6,Summer,0,
2011-06-04,22,2011,6,Summer,0,
2011-06-05,22,2011,6,Summer,0,
2011-06-06,23,2011,6,Summer,0,
2011-06-07,23,2011,6,Summer,0,
2011-06-08,23,2011,6,Summer,0,
2011-06-09,23,2011,6,Summer,0,
2011-06-10,23,2011,6,Summer,0,
2011-06-11,23,2011,6,Summer,0,
2011-06-12,23,2011,6,Summer,0,
2011-06-13,24,2011,6,Summer,0,
2011-06-14,24,2011,6,Summer,0,
2011-06-15,24,2011,6,Summer,0,
2011-06-16,24,2011,6,Summer,0,
2011-06-17,24,2011,6,Summer,0,
2011-06-18,24,2011,6,Summer,0,
2011-06-19,24,2011,6,Summer,0,
2011-06-20,25,2011,6,Summer,0,
2011-06-21,25,2011,6,Summer,0,
2011-06-22,25,2011,6,Summer,0,
2011-06-23,25,2011,6,Summer,0,
2011-06-24,25,2011,6,Summer,0,
2011-06-25,25,2011,6,Summer,0,
2011-06-26,25,2011,6,Summer,0,
2011-06-27,26,2011,6,Summer,0,
2011-06-28,26,2011,6,Summer,0,
2011-06-29,26,2011,6,Summer,0,
2011-06-30,26,2011,6,Summer,0,
2011-07-01,26,2011,7,Summer,0,Summer Sale
2011-07-02,26,2011,7,Summer,0,Summer Sale
2011-07-03,26,2011,7,Summer,0,Summer Sale
2011-07-04,27,2011,7,Summer,0,Summer Sale
2011-07-05,27,2011,7,Summer,0,Summer Sale
2011-07-06,27,2011,7,Summer,0,Summer Sale
2011-07-07,27,2011,7,Summer,0,Summer Sale
2011-07-08,27,2011,7,Summer,0,Summer Sale
2011-07-09,27,2011,7,Summer,0,Summer Sale
2011-07-10,27,2011,7,Summer,0,Summer Sale
2011-07-11,28,2011,7,Summer,0,Summer Sale
2011-07-12,28,2011,7,Summer,0,Summer Sale
2011-07-13,28,2011,7,Summer,0,Summer Sale
2011-07-14,28,2011,7,Summer,0,Summer Sale
2011-07-15,28,2011,7,Summer,0,Summer Sale
2011-07-16,28,2011,7,Summer,0,Summer Sale
2011-07-17,28,2011,7,Summer,0,Summer Sale
2011-07-18,29,2011,7,Summer,0,Summer Sale
2011-07-19,29,2011,7,Summer,0,Summer Sale
2011-07-20,29,2011,7,Summer,0,Summer Sale
2011-07-21,29,2011,7,Summer,0,Summer Sale
2011-07-22,29,2011,7,Summer,0,Summer Sale
2011-07-23,29,2011,7,Summer,0,Summer Sale
2011-07-24,29,2011,7,Summer,0,Summer Sale
2011-07-25,30,2011,7,Summer,0,Summer Sale
2011-07-26,30,2011,7,Summer,0,Summer Sale
2011-07-27,30,2011,7,Summer,0,Summer Sale
2011-07-28,30,2011,7,Summer,0,Summer Sale
2011-07-29,30,2011,7,Summer,0,Summer Sale
2011-07-30,30,2011,7,Summer,0,Summer Sale
2011-07-31,30,2011,7,Summer,0,Summer Sale
2011-08-01,31,2011,8,Summer,0,
2011-08-02,31,2011,8,Summer,0,
2011-08-03,31,2011,8,Summer,0,
2011-08-04,31,2011,8,Summer,0,
2011-08-05,31,2011,8,Summer,0,
2011-08-06,31,2011,8,Summer,0,
2011-08-07,31,2011,8,Summer,0,
2011-08-08,32,2011,8,Summer,0,
2011-08-09,32,2011,8,Summer,0,
2011-08-10,32,2011,8,Summer,0,
2011-08-11,32,2011,8,Summer,0,
2011-08-12,32,2011,8,Summer,0,
2011-08-13,32,2011,8,Summer,0,
2011-08-14,32,2011,8,Summer,0,
2011-08-15,33,2011,8,Summer,0,
2011-08-16,33,2011,8,Summer,0,
2011-08-17,33,2011,8,Summer,0,
2011-08-18,33,2011,8,Summer,0,
2011-08-19,33,2011,8,Summer,0,
2011-08-20,33,2011,8,Summer,0,
2011-08-21,33,2011,8,Summer,0,
2011-08-22,34,2011,8,Summer,0,
2011-08-23,34,2011,8,Summer,0,
2011-08-24,34,2011,8,Summer,0,
2011-08-25,34,2011,8,Summer,0,
2011-08-26,34,2011,8,Summer,0,
2011-08-27,34,2011,8,Summer,0,
2011-08-28,34,2011,8,Summer,0,
2011-08-29,35,2011,8,Summer,0,
2011-08-30,35,2011,8,Summer,0,
2011-08-31,35,2011,8,Summer,0,
2011-09-01,35,2011,9,Autumn,0,
2011-09-02,35,2011,9,Autumn,0,
2011-09-03,35,2011,9,Autumn,0,
2011-09-04,35,2011,9,Autumn,0,
2011-09-05,36,2011,9,Autumn,0,
2011-09-06,36,2011,9,Autumn,0,
2011-09-07,36,2011,9,Autumn,0,
2011-09-08,36,2011,9,Autumn,0,
2011-09-09,36,2011,9,Autumn,0,
2011-09-10,36,2011,9,Autumn,0,
2011-09-11,36,2011,9,Autumn,0,
2011-09-12,37,2011,9,Autumn,0,
2011-09-13,37,2011,9,Autumn,0,
2011-09-14,37,2011,9,Autumn,0,
2011-09-15,37,2011,9,Autumn,0,
2011-09-16,37,2011,9,Autumn,0,
2011-09-17,37,2011,9,Autumn,0,
2011-09-18,37,2011,9,Autumn,0,
2011-09-19,38,2011,9,Autumn,0,
2011-09-20,38,2011,9,Autumn,0,
2011-09-21,38,2011,9,Autumn,0,
2011-09-22,38,2011,9,Autumn,0,
2011-09-23,38,2011,9,Autumn,0,
2011-09-24,38,2011,9,Autumn,0,
2011-09-25,38,2011,9,Autumn,0,
2011-09-26,39,2011,9,Autumn,0,
2011-09-27,39,2011,9,Autumn,0,
2011-09-28,39,2011,9,Autumn,0,
2011-09-29,39,2011,9,Autumn,0,
2011-09-30,39,2011,9,Autumn,0,
2011-10-01,39,2011,10,Autumn,0,
2011-10-02,39,2011,10,Autumn,0,
2011-10-03,40,2011,10,Autumn,0,
2011-10-04,40,2011,10,Autumn,0,
2011-10-05,40,2011,10,Autumn,0,
2011-10-06,40,2011,10,Autumn,0,
2011-10-07,40,2011,10,Autumn,0,
2011-10-08,40,2011,10,Autumn,0,
2011-10-09,40,2011,10,Autumn,0,
2011-10-10,41,2011,10,Autumn,0,
2011-10-11,41,2011,10,Autumn,0,
2011-10-12,41,2011,10,Autumn,0,
2011-10-13,41,2011,10,Autumn,0,
2011-10-14,41,2011,10,Autumn,0,
2011-10-15,41,2011,10,Autumn,0,
2011-10-16,41,2011,10,Autumn,0,
2011-10-17,42,2011,10,Autumn,0,
2011-10-18,42,2011,10,Autumn,0,
2011-10-19,42,2011,10,Autumn,0,
2011-10-20,42,2011,10,Autumn,0,
2011-10-21,42,2011,10,Autumn,0,
2011-10-22,42,2011,10,Autumn,0,
2011-10-23,42,2011,10,Autumn,0,
2011-10-24,43,2011,10,Autumn,0,
2011-10-25,43,2011,10,Autumn,0,
2011-10-26,43,2011,10,Autumn,0,
2011-10-27,43,2011,10,Autumn,0,
2011-10-28,43,2011,10,Autumn,0,
2011-10-29,43,2011,10,Autumn,0,
2011-10-30,43,2011,10,Autumn,0,
2011-10-31,44,2011,10,Autumn,0,
2011-11-01,44,2011,11,Autumn,0,
2011-11-02,44,2011,11,Autumn,0,
2011-11-03,44,2011,11,Autumn,0,
2011-11-04,44,2011,11,Autumn,0,
2011-11-05,44,2011,11,Autumn,0,
2011-11-06,44,2011,11,Autumn,0,
2011-11-07,45,2011,11,Autumn,0,
2011-11-08,45,2011,11,Autumn,0,
2011-11-09,45,2011,11,Autumn,0,
2011-11-10,45,2011,11,Autumn,0,
2011-11-11,45,2011,11,Autumn,0,
2011-11-12,45,2011,11,Autumn,0,
2011-11-13,45,2011,11,Autumn,0,
2011-11-14,46,2011,11,Autumn,0,
2011-11-15,46,2011,11,Autumn,0,
2011-11-16,46,2011,11,Autumn,0,
2011-11-17,46,2011,11,Autumn,0,
2011-11-18,46,2011,11,Autumn,0,
2011-11-19,46,2011,11,Autumn,0,
2011-11-20,46,2011,11,Autumn,0,
2011-11-21,47,2011,11,Autumn,0,
2011-11-22,47,2011,11,Autumn,0,Black Friday / Cyber
2011-11-23,47,2011,11,Autumn,0,Black Friday / Cyber
2011-11-24,47,2011,11,Autumn,0,Black Friday / Cyber
2011-11-25,47,2011,11,Autumn,0,Black Friday / Cyber
2011-11-26,47,2011,11,Autumn,0,Black Friday / Cyber
2011-11-27,47,2011,11,Autumn,0,Black Friday / Cyber
2011-11-28,48,2011,11,Autumn,0,Black Friday / Cyber
2011-11-29,48,2011,11,Autumn,0,Black Friday / Cyber
2011-11-30,48,2011,11,Autumn,0,Black Friday / Cyber
2011-12-01,48,2011,12,Winter,0,Christmas Run-up
2011-12-02,48,2011,12,Winter,0,Christmas Run-up
2011-12-03,48,2011,12,Winter,0,Christmas Run-up
2011-12-04,48,2011,12,Winter,0,Christmas Run-up
2011-12-05,49,2011,12,Winter,0,Christmas Run-up
2011-12-06,49,2011,12,Winter,0,Christmas Run-up
2011-12-07,49,2011,12,Winter,0,Christmas Run-up
2011-12-08,49,2011,12,Winter,0,Christmas Run-up
2011-12-09,49,2011,12,Winter,0,Christmas Run-up
