sku_id,week_start,horizon_step,forecast,baseline,yhat_lower,yhat_upper
15036,2011-12-12,1,102.55,35.0,0.0,543.93
15036,2011-12-19,2,61.28,30.0,0.0,685.49
15036,2011-12-26,3,48.32,61.28,0.0,812.82
15036,2012-01-02,4,108.44,18.0,0.0,991.21
15036,2012-01-09,5,127.8,159.0,0.0,1114.76
15036,2012-01-16,6,109.13,39.0,0.0,1190.29
15036,2012-01-23,7,105.29,112.0,0.0,1273.08
15036,2012-01-30,8,136.11,1913.0,0.0,1384.53
15056N,2011-12-12,1,126.69,20.0,0.0,568.07
15056N,2011-12-19,2,67.84,38.0,0.0,692.05
15056N,2011-12-26,3,47.73,67.84,0.0,812.23
15056N,2012-01-02,4,101.52,24.0,0.0,984.29
15056N,2012-01-09,5,114.05,55.0,0.0,1101.01
15056N,2012-01-16,6,88.65,23.0,0.0,1169.81
15056N,2012-01-23,7,84.0,36.0,0.0,1251.79
15056N,2012-01-30,8,115.96,22.0,0.0,1364.38
16014,2011-12-12,1,58.86,14.0,0.0,500.24
16014,2011-12-19,2,144.56,0.0,0.0,768.77
16014,2011-12-26,3,165.07,144.56,0.0,929.57
16014,2012-01-02,4,136.5,0.0,0.0,1019.27
16014,2012-01-09,5,139.78,0.0,0.0,1126.74
16014,2012-01-16,6,269.65,0.0,0.0,1350.81
16014,2012-01-23,7,142.8,10.0,0.0,1310.59
16014,2012-01-30,8,160.01,0.0,0.0,1408.43
16033,2011-12-12,1,0.0,0.0,0.0,441.38
16033,2011-12-19,2,0.0,120.0,0.0,624.21
16033,2011-12-26,3,0.0,0.0,0.0,764.5
16033,2012-01-02,4,0.0,0.0,0.0,882.77
16033,2012-01-09,5,0.0,0.0,0.0,986.96
16033,2012-01-16,6,0.0,120.0,0.0,1081.16
16033,2012-01-23,7,0.0,0.0,0.0,1167.79
16033,2012-01-30,8,0.0,0.0,0.0,1248.42
16156S,2011-12-12,1,72.29,100.0,0.0,513.67
16156S,2011-12-19,2,30.55,25.0,0.0,654.76
16156S,2011-12-26,3,59.2,30.55,0.0,823.7
16156S,2012-01-02,4,138.48,175.0,0.0,1021.25
16156S,2012-01-09,5,107.47,25.0,0.0,1094.43
16156S,2012-01-16,6,99.08,25.0,0.0,1180.24
16156S,2012-01-23,7,102.11,100.0,0.0,1269.9
16156S,2012-01-30,8,123.97,125.0,0.0,1372.39
16161P,2011-12-12,1,83.93,25.0,0.0,525.31
16161P,2011-12-19,2,34.57,0.0,0.0,658.78
16161P,2011-12-26,3,56.88,34.57,0.0,821.38
16161P,2012-01-02,4,83.67,176.0,0.0,966.44
16161P,2012-01-09,5,78.67,125.0,0.0,1065.63
16161P,2012-01-16,6,67.5,25.0,0.0,1148.66
16161P,2012-01-23,7,121.18,100.0,0.0,1288.97
16161P,2012-01-30,8,104.56,125.0,0.0,1352.98
17003,2011-12-12,1,233.63,90.0,0.0,675.01
17003,2011-12-19,2,156.4,0.0,0.0,780.61
17003,2011-12-26,3,143.61,156.4,0.0,908.11
17003,2012-01-02,4,286.5,864.0,0.0,1169.27
17003,2012-01-09,5,245.26,8.0,0.0,1232.22
17003,2012-01-16,6,221.6,831.0,0.0,1302.76
17003,2012-01-23,7,334.3,1440.0,0.0,1502.09
17003,2012-01-30,8,277.99,146.0,0.0,1526.41
20668,2011-12-12,1,683.02,774.0,241.64,1124.4
20668,2011-12-19,2,451.9,24.0,0.0,1076.11
20668,2011-12-26,3,725.78,451.9,0.0,1490.28
20668,2012-01-02,4,566.77,24.0,0.0,1449.54
20668,2012-01-09,5,750.74,49.0,0.0,1737.7
20668,2012-01-16,6,741.7,5.0,0.0,1822.86
20668,2012-01-23,7,922.62,0.0,0.0,2090.41
20668,2012-01-30,8,879.06,0.0,0.0,2127.48
20711,2011-12-12,1,101.83,63.0,0.0,543.21
20711,2011-12-19,2,34.51,18.0,0.0,658.72
20711,2011-12-26,3,78.05,34.51,0.0,842.55
20711,2012-01-02,4,86.76,351.0,0.0,969.53
20711,2012-01-09,5,103.58,63.0,0.0,1090.54
20711,2012-01-16,6,96.64,47.0,0.0,1177.8
20711,2012-01-23,7,83.04,102.0,0.0,1250.83
20711,2012-01-30,8,94.26,48.0,0.0,1342.68
20712,2011-12-12,1,97.97,94.0,0.0,539.35
20712,2011-12-19,2,29.29,36.0,0.0,653.5
20712,2011-12-26,3,54.81,29.29,0.0,819.31
20712,2012-01-02,4,181.18,108.0,0.0,1063.95
20712,2012-01-09,5,163.59,120.0,0.0,1150.55
20712,2012-01-16,6,118.17,118.0,0.0,1199.33
20712,2012-01-23,7,111.31,95.0,0.0,1279.1
20712,2012-01-30,8,122.92,91.0,0.0,1371.34
20713,2011-12-12,1,117.81,107.0,0.0,559.19
20713,2011-12-19,2,52.0,27.0,0.0,676.21
20713,2011-12-26,3,41.71,52.0,0.0,806.21
20713,2012-01-02,4,186.06,349.0,0.0,1068.83
20713,2012-01-09,5,168.03,46.0,0.0,1154.99
20713,2012-01-16,6,200.43,194.0,0.0,1281.59
20713,2012-01-23,7,139.31,109.0,0.0,1307.1
20713,2012-01-30,8,150.19,116.0,0.0,1398.61
20718,2011-12-12,1,104.82,76.0,0.0,546.2
20718,2011-12-19,2,50.58,31.0,0.0,674.79
20718,2011-12-26,3,39.56,50.58,0.0,804.06
20718,2012-01-02,4,123.08,60.0,0.0,1005.85
20718,2012-01-09,5,161.0,148.0,0.0,1147.96
20718,2012-01-16,6,128.54,178.0,0.0,1209.7
20718,2012-01-23,7,128.61,74.0,0.0,1296.4
20718,2012-01-30,8,122.58,101.0,0.0,1371.0
20719,2011-12-12,1,175.79,161.0,0.0,617.17
20719,2011-12-19,2,90.29,374.0,0.0,714.5
20719,2011-12-26,3,50.27,90.29,0.0,814.77
20719,2012-01-02,4,145.68,202.0,0.0,1028.45
20719,2012-01-09,5,185.77,268.0,0.0,1172.73
20719,2012-01-16,6,170.08,193.0,0.0,1251.24
20719,2012-01-23,7,171.18,228.0,0.0,1338.97
20719,2012-01-30,8,204.63,141.0,0.0,1453.05
20723,2011-12-12,1,128.43,129.0,0.0,569.81
20723,2011-12-19,2,42.53,105.0,0.0,666.74
20723,2011-12-26,3,48.24,42.53,0.0,812.74
20723,2012-01-02,4,132.63,155.0,0.0,1015.4
20723,2012-01-09,5,147.88,108.0,0.0,1134.84
20723,2012-01-16,6,131.84,45.0,0.0,1213.0
20723,2012-01-23,7,144.65,139.0,0.0,1312.44
20723,2012-01-30,8,133.25,24.0,0.0,1381.67
20724,2011-12-12,1,370.01,210.0,0.0,811.39
20724,2011-12-19,2,201.64,171.0,0.0,825.85
20724,2011-12-26,3,147.43,201.64,0.0,911.93
20724,2012-01-02,4,227.64,278.0,0.0,1110.41
20724,2012-01-09,5,254.92,385.0,0.0,1241.88
20724,2012-01-16,6,193.58,126.0,0.0,1274.74
20724,2012-01-23,7,240.13,142.0,0.0,1407.92
20724,2012-01-30,8,247.68,311.0,0.0,1496.1
20725,2011-12-12,1,158.92,187.0,0.0,600.3
20725,2011-12-19,2,49.97,44.0,0.0,674.18
20725,2011-12-26,3,38.11,49.97,0.0,802.61
20725,2012-01-02,4,145.48,462.0,0.0,1028.25
20725,2012-01-09,5,160.66,642.0,0.0,1147.62
20725,2012-01-16,6,155.52,128.0,0.0,1236.68
20725,2012-01-23,7,162.41,171.0,0.0,1330.2
20725,2012-01-30,8,190.27,417.0,0.0,1438.69
20726,2011-12-12,1,163.26,137.0,0.0,604.64
20726,2011-12-19,2,62.24,232.0,0.0,686.45
20726,2011-12-26,3,66.14,62.24,0.0,830.64
20726,2012-01-02,4,132.76,182.0,0.0,1015.53
20726,2012-01-09,5,155.86,138.0,0.0,1142.82
20726,2012-01-16,6,108.83,88.0,0.0,1189.99
20726,2012-01-23,7,128.25,177.0,0.0,1296.04
20726,2012-01-30,8,129.31,103.0,0.0,1377.73
20727,2011-12-12,1,141.33,88.0,0.0,582.71
20727,2011-12-19,2,45.06,25.0,0.0,669.27
20727,2011-12-26,3,59.13,45.06,0.0,823.63
20727,2012-01-02,4,132.51,167.0,0.0,1015.28
20727,2012-01-09,5,162.1,181.0,0.0,1149.06
20727,2012-01-16,6,151.39,187.0,0.0,1232.55
20727,2012-01-23,7,158.74,178.0,0.0,1326.53
20727,2012-01-30,8,147.38,103.0,0.0,1395.8
20728,2011-12-12,1,120.82,218.0,0.0,562.2
20728,2011-12-19,2,49.17,23.0,0.0,673.38
20728,2011-12-26,3,46.7,49.17,0.0,811.2
20728,2012-01-02,4,162.5,149.0,0.0,1045.27
20728,2012-01-09,5,183.4,245.0,0.0,1170.36
20728,2012-01-16,6,123.32,96.0,0.0,1204.48
20728,2012-01-23,7,127.53,140.0,0.0,1295.32
20728,2012-01-30,8,142.57,204.0,0.0,1390.99
20914,2011-12-12,1,114.55,155.0,0.0,555.93
20914,2011-12-19,2,43.88,25.0,0.0,668.09
20914,2011-12-26,3,56.11,43.88,0.0,820.61
20914,2012-01-02,4,128.94,137.0,0.0,1011.71
20914,2012-01-09,5,151.51,384.0,0.0,1138.47
20914,2012-01-16,6,110.56,51.0,0.0,1191.72
20914,2012-01-23,7,130.28,37.0,0.0,1298.07
20914,2012-01-30,8,114.38,75.0,0.0,1362.8
20971,2011-12-12,1,204.42,44.0,0.0,645.8
20971,2011-12-19,2,17.47,12.0,0.0,641.68
20971,2011-12-26,3,5.93,17.47,0.0,770.43
20971,2012-01-02,4,95.0,31.0,0.0,977.77
20971,2012-01-09,5,106.34,94.0,0.0,1093.3
20971,2012-01-16,6,118.92,315.0,0.0,1200.08
20971,2012-01-23,7,132.02,95.0,0.0,1299.81
20971,2012-01-30,8,157.79,108.0,0.0,1406.21
20972,2011-12-12,1,116.02,98.0,0.0,557.4
20972,2011-12-19,2,47.36,1.0,0.0,671.57
20972,2011-12-26,3,55.51,47.36,0.0,820.01
20972,2012-01-02,4,122.17,38.0,0.0,1004.94
20972,2012-01-09,5,135.16,51.0,0.0,1122.12
20972,2012-01-16,6,128.34,171.0,0.0,1209.5
20972,2012-01-23,7,126.1,114.0,0.0,1293.89
20972,2012-01-30,8,129.83,231.0,0.0,1378.25
20974,2011-12-12,1,156.9,49.0,0.0,598.28
20974,2011-12-19,2,120.42,27.0,0.0,744.63
20974,2011-12-26,3,89.28,120.42,0.0,853.78
20974,2012-01-02,4,110.37,152.0,0.0,993.14
20974,2012-01-09,5,99.02,24.0,0.0,1085.98
20974,2012-01-16,6,97.84,48.0,0.0,1179.0
20974,2012-01-23,7,82.97,80.0,0.0,1250.76
20974,2012-01-30,8,106.32,42.0,0.0,1354.74
20975,2011-12-12,1,115.99,89.0,0.0,557.37
20975,2011-12-19,2,48.09,53.0,0.0,672.3
20975,2011-12-26,3,40.95,48.09,0.0,805.45
20975,2012-01-02,4,128.5,76.0,0.0,1011.27
20975,2012-01-09,5,136.71,51.0,0.0,1123.67
20975,2012-01-16,6,119.49,122.0,0.0,1200.65
20975,2012-01-23,7,114.55,103.0,0.0,1282.34
20975,2012-01-30,8,104.04,67.0,0.0,1352.46
21080,2011-12-12,1,125.35,52.0,0.0,566.73
21080,2011-12-19,2,50.42,55.0,0.0,674.63
21080,2011-12-26,3,47.62,50.42,0.0,812.12
21080,2012-01-02,4,129.83,276.0,0.0,1012.6
21080,2012-01-09,5,136.25,218.0,0.0,1123.21
21080,2012-01-16,6,127.01,264.0,0.0,1208.17
21080,2012-01-23,7,125.03,151.0,0.0,1292.82
21080,2012-01-30,8,145.33,317.0,0.0,1393.75
21085,2011-12-12,1,0.0,0.0,0.0,441.38
21085,2011-12-19,2,0.0,0.0,0.0,624.21
21085,2011-12-26,3,0.0,0.0,0.0,764.5
21085,2012-01-02,4,0.0,0.0,0.0,882.77
21085,2012-01-09,5,0.0,0.0,0.0,986.96
21085,2012-01-16,6,0.0,0.0,0.0,1081.16
21085,2012-01-23,7,0.0,0.0,0.0,1167.79
21085,2012-01-30,8,0.0,0.0,0.0,1248.42
21086,2011-12-12,1,79.17,26.0,0.0,520.55
21086,2011-12-19,2,43.61,32.0,0.0,667.82
21086,2011-12-26,3,168.01,43.61,0.0,932.51
21086,2012-01-02,4,135.22,276.0,0.0,1017.99
21086,2012-01-09,5,139.18,23.0,0.0,1126.14
21086,2012-01-16,6,128.33,121.0,0.0,1209.49
21086,2012-01-23,7,147.3,60.0,0.0,1315.09
21086,2012-01-30,8,136.15,114.0,0.0,1384.57
21088,2011-12-12,1,161.26,0.0,0.0,602.64
21088,2011-12-19,2,454.09,0.0,0.0,1078.3
21088,2011-12-26,3,371.31,454.09,0.0,1135.81
21088,2012-01-02,4,169.64,12.0,0.0,1052.41
21088,2012-01-09,5,176.85,4.0,0.0,1163.81
21088,2012-01-16,6,203.84,12.0,0.0,1285.0
21088,2012-01-23,7,201.48,0.0,0.0,1369.27
21088,2012-01-30,8,188.66,0.0,0.0,1437.08
21091,2011-12-12,1,0.0,0.0,0.0,441.38
21091,2011-12-19,2,0.0,0.0,0.0,624.21
21091,2011-12-26,3,0.0,0.0,0.0,764.5
21091,2012-01-02,4,0.0,0.0,0.0,882.77
21091,2012-01-09,5,0.0,0.0,0.0,986.96
21091,2012-01-16,6,0.0,0.0,0.0,1081.16
21091,2012-01-23,7,0.0,0.0,0.0,1167.79
21091,2012-01-30,8,0.0,0.0,0.0,1248.42
21092,2011-12-12,1,0.0,0.0,0.0,441.38
21092,2011-12-19,2,0.0,0.0,0.0,624.21
21092,2011-12-26,3,0.0,0.0,0.0,764.5
21092,2012-01-02,4,0.0,0.0,0.0,882.77
21092,2012-01-09,5,0.0,0.0,0.0,986.96
21092,2012-01-16,6,0.0,0.0,0.0,1081.16
21092,2012-01-23,7,0.0,0.0,0.0,1167.79
21092,2012-01-30,8,0.0,0.0,0.0,1248.42
21094,2011-12-12,1,66.78,26.0,0.0,508.16
21094,2011-12-19,2,28.18,24.0,0.0,652.39
21094,2011-12-26,3,53.71,28.18,0.0,818.21
21094,2012-01-02,4,108.41,150.0,0.0,991.18
21094,2012-01-09,5,93.01,121.0,0.0,1079.97
21094,2012-01-16,6,80.32,217.0,0.0,1161.48
21094,2012-01-23,7,99.86,113.0,0.0,1267.65
21094,2012-01-30,8,89.56,97.0,0.0,1337.98
21096,2011-12-12,1,93.15,0.0,0.0,534.53
21096,2011-12-19,2,0.0,0.0,0.0,624.21
21096,2011-12-26,3,0.0,0.0,0.0,764.5
21096,2012-01-02,4,0.0,12.0,0.0,882.77
21096,2012-01-09,5,227.29,5.0,0.0,1214.25
21096,2012-01-16,6,272.42,12.0,0.0,1353.58
21096,2012-01-23,7,154.28,0.0,0.0,1322.07
21096,2012-01-30,8,142.4,0.0,0.0,1390.82
21099,2011-12-12,1,0.0,0.0,0.0,441.38
21099,2011-12-19,2,0.0,0.0,0.0,624.21
21099,2011-12-26,3,0.0,0.0,0.0,764.5
21099,2012-01-02,4,0.0,0.0,0.0,882.77
21099,2012-01-09,5,0.0,0.0,0.0,986.96
21099,2012-01-16,6,0.0,0.0,0.0,1081.16
21099,2012-01-23,7,0.0,0.0,0.0,1167.79
21099,2012-01-30,8,0.0,0.0,0.0,1248.42
21108,2011-12-12,1,163.04,52.0,0.0,604.42
21108,2011-12-19,2,60.19,11.0,0.0,684.4
21108,2011-12-26,3,54.97,60.19,0.0,819.47
21108,2012-01-02,4,193.91,29.0,0.0,1076.68
21108,2012-01-09,5,206.99,3141.0,0.0,1193.95
21108,2012-01-16,6,157.37,9.0,0.0,1238.53
21108,2012-01-23,7,157.48,22.0,0.0,1325.27
21108,2012-01-30,8,165.8,46.0,0.0,1414.22
21121,2011-12-12,1,156.07,9.0,0.0,597.45
21121,2011-12-19,2,48.51,25.0,0.0,672.72
21121,2011-12-26,3,71.08,48.51,0.0,835.58
21121,2012-01-02,4,100.68,58.0,0.0,983.45
21121,2012-01-09,5,124.74,137.0,0.0,1111.7
21121,2012-01-16,6,122.31,367.0,0.0,1203.47
21121,2012-01-23,7,94.82,85.0,0.0,1262.61
21121,2012-01-30,8,117.28,172.0,0.0,1365.7
21122,2011-12-12,1,106.62,51.0,0.0,548.0
21122,2011-12-19,2,9.13,24.0,0.0,633.34
21122,2011-12-26,3,36.41,9.13,0.0,800.91
21122,2012-01-02,4,95.19,0.0,0.0,977.96
21122,2012-01-09,5,100.65,94.0,0.0,1087.61
21122,2012-01-16,6,91.49,18.0,0.0,1172.65
21122,2012-01-23,7,93.89,141.0,0.0,1261.68
21122,2012-01-30,8,112.86,98.0,0.0,1361.28
21137,2011-12-12,1,227.61,575.0,0.0,668.99
21137,2011-12-19,2,124.54,55.0,0.0,748.75
21137,2011-12-26,3,37.5,124.54,0.0,802.0
21137,2012-01-02,4,97.54,177.0,0.0,980.31
21137,2012-01-09,5,84.89,20.0,0.0,1071.85
21137,2012-01-16,6,65.04,24.0,0.0,1146.2
21137,2012-01-23,7,75.64,3.0,0.0,1243.43
21137,2012-01-30,8,256.13,592.0,0.0,1504.55
21166,2011-12-12,1,258.76,285.0,0.0,700.14
21166,2011-12-19,2,101.51,36.0,0.0,725.72
21166,2011-12-26,3,119.94,101.51,0.0,884.44
21166,2012-01-02,4,234.48,151.0,0.0,1117.25
21166,2012-01-09,5,250.16,82.0,0.0,1237.12
21166,2012-01-16,6,241.76,91.0,0.0,1322.92
21166,2012-01-23,7,153.8,65.0,0.0,1321.59
21166,2012-01-30,8,206.9,85.0,0.0,1455.32
21175,2011-12-12,1,170.26,70.0,0.0,611.64
21175,2011-12-19,2,79.61,46.0,0.0,703.82
21175,2011-12-26,3,51.6,79.61,0.0,816.1
21175,2012-01-02,4,173.39,182.0,0.0,1056.16
21175,2012-01-09,5,218.09,2127.0,0.0,1205.05
21175,2012-01-16,6,149.96,18.0,0.0,1231.12
21175,2012-01-23,7,133.38,82.0,0.0,1301.17
21175,2012-01-30,8,141.53,39.0,0.0,1389.95
21181,2011-12-12,1,297.25,643.0,0.0,738.63
21181,2011-12-19,2,107.17,49.0,0.0,731.38
21181,2011-12-26,3,142.84,107.17,0.0,907.34
21181,2012-01-02,4,209.2,260.0,0.0,1091.97
21181,2012-01-09,5,228.79,125.0,0.0,1215.75
21181,2012-01-16,6,212.22,114.0,0.0,1293.38
21181,2012-01-23,7,229.63,96.0,0.0,1397.42
21181,2012-01-30,8,217.68,236.0,0.0,1466.1
21210,2011-12-12,1,84.29,357.0,0.0,525.67
21210,2011-12-19,2,26.36,12.0,0.0,650.57
21210,2011-12-26,3,26.91,26.36,0.0,791.41
21210,2012-01-02,4,97.36,41.0,0.0,980.13
21210,2012-01-09,5,84.17,203.0,0.0,1071.13
21210,2012-01-16,6,73.5,59.0,0.0,1154.66
21210,2012-01-23,7,76.33,98.0,0.0,1244.12
21210,2012-01-30,8,81.52,45.0,0.0,1329.94
21212,2011-12-12,1,329.2,664.0,0.0,770.58
21212,2011-12-19,2,309.32,1363.0,0.0,933.53
21212,2011-12-26,3,322.41,309.32,0.0,1086.91
21212,2012-01-02,4,317.94,324.0,0.0,1200.71
21212,2012-01-09,5,322.49,618.0,0.0,1309.45
21212,2012-01-16,6,385.03,1753.0,0.0,1466.19
21212,2012-01-23,7,296.59,555.0,0.0,1464.38
21212,2012-01-30,8,319.75,558.0,0.0,1568.17
21213,2011-12-12,1,123.04,275.0,0.0,564.42
21213,2011-12-19,2,109.13,705.0,0.0,733.34
21213,2011-12-26,3,63.95,109.13,0.0,828.45
21213,2012-01-02,4,115.23,127.0,0.0,998.0
21213,2012-01-09,5,130.91,132.0,0.0,1117.87
21213,2012-01-16,6,127.58,223.0,0.0,1208.74
21213,2012-01-23,7,120.92,184.0,0.0,1288.71
21213,2012-01-30,8,128.21,243.0,0.0,1376.63
21231,2011-12-12,1,119.38,241.0,0.0,560.76
21231,2011-12-19,2,61.92,32.0,0.0,686.13
21231,2011-12-26,3,55.95,61.92,0.0,820.45
21231,2012-01-02,4,132.28,127.0,0.0,1015.05
21231,2012-01-09,5,138.69,49.0,0.0,1125.65
21231,2012-01-16,6,135.07,401.0,0.0,1216.23
21231,2012-01-23,7,127.46,58.0,0.0,1295.25
21231,2012-01-30,8,127.78,132.0,0.0,1376.2
21232,2011-12-12,1,242.68,364.0,0.0,684.06
21232,2011-12-19,2,84.16,47.0,0.0,708.37
21232,2011-12-26,3,24.49,84.16,0.0,788.99
21232,2012-01-02,4,157.05,140.0,0.0,1039.82
21232,2012-01-09,5,150.44,40.0,0.0,1137.4
21232,2012-01-16,6,170.07,160.0,0.0,1251.23
21232,2012-01-23,7,147.46,158.0,0.0,1315.25
21232,2012-01-30,8,201.73,286.0,0.0,1450.15
21326,2011-12-12,1,183.27,274.0,0.0,624.65
21326,2011-12-19,2,71.44,2.0,0.0,695.65
21326,2011-12-26,3,59.96,71.44,0.0,824.46
21326,2012-01-02,4,130.05,109.0,0.0,1012.82
21326,2012-01-09,5,169.93,61.0,0.0,1156.89
21326,2012-01-16,6,137.67,42.0,0.0,1218.83
21326,2012-01-23,7,172.38,218.0,0.0,1340.17
21326,2012-01-30,8,173.63,221.0,0.0,1422.05
21495,2011-12-12,1,112.34,125.0,0.0,553.72
21495,2011-12-19,2,47.24,0.0,0.0,671.45
21495,2011-12-26,3,39.2,47.24,0.0,803.7
21495,2012-01-02,4,114.04,175.0,0.0,996.81
21495,2012-01-09,5,134.07,100.0,0.0,1121.03
21495,2012-01-16,6,95.38,25.0,0.0,1176.54
21495,2012-01-23,7,81.36,25.0,0.0,1249.15
21495,2012-01-30,8,86.17,75.0,0.0,1334.59
21497,2011-12-12,1,108.29,0.0,0.0,549.67
21497,2011-12-19,2,1.53,0.0,0.0,625.74
21497,2011-12-26,3,69.03,1.53,0.0,833.53
21497,2012-01-02,4,140.16,150.0,0.0,1022.93
21497,2012-01-09,5,73.8,75.0,0.0,1060.76
21497,2012-01-16,6,104.32,25.0,0.0,1185.48
21497,2012-01-23,7,143.84,25.0,0.0,1311.63
21497,2012-01-30,8,151.03,100.0,0.0,1399.45
21498,2011-12-12,1,140.01,100.0,0.0,581.39
21498,2011-12-19,2,49.86,0.0,0.0,674.07
21498,2011-12-26,3,53.54,49.86,0.0,818.04
21498,2012-01-02,4,130.59,200.0,0.0,1013.36
21498,2012-01-09,5,164.57,200.0,0.0,1151.53
21498,2012-01-16,6,143.63,175.0,0.0,1224.79
21498,2012-01-23,7,147.44,275.0,0.0,1315.23
21498,2012-01-30,8,136.91,175.0,0.0,1385.33
21499,2011-12-12,1,99.64,25.0,0.0,541.02
21499,2011-12-19,2,23.86,0.0,0.0,648.07
21499,2011-12-26,3,42.1,23.86,0.0,806.6
21499,2012-01-02,4,105.95,125.0,0.0,988.72
21499,2012-01-09,5,123.28,100.0,0.0,1110.24
21499,2012-01-16,6,101.1,125.0,0.0,1182.26
21499,2012-01-23,7,81.32,25.0,0.0,1249.11
21499,2012-01-30,8,89.96,150.0,0.0,1338.38
21500,2011-12-12,1,75.22,25.0,0.0,516.6
21500,2011-12-19,2,28.98,0.0,0.0,653.19
21500,2011-12-26,3,33.9,28.98,0.0,798.4
21500,2012-01-02,4,102.74,175.0,0.0,985.51
21500,2012-01-09,5,74.22,75.0,0.0,1061.18
21500,2012-01-16,6,61.47,50.0,0.0,1142.63
21500,2012-01-23,7,94.46,150.0,0.0,1262.25
21500,2012-01-30,8,69.19,75.0,0.0,1317.61
21703,2011-12-12,1,126.65,147.0,0.0,568.03
21703,2011-12-19,2,82.8,14.0,0.0,707.01
21703,2011-12-26,3,270.28,82.8,0.0,1034.78
21703,2012-01-02,4,153.53,28.0,0.0,1036.3
21703,2012-01-09,5,228.53,13.0,0.0,1215.49
21703,2012-01-16,6,160.1,11.0,0.0,1241.26
21703,2012-01-23,7,170.51,25.0,0.0,1338.3
21703,2012-01-30,8,156.03,264.0,0.0,1404.45
21704,2011-12-12,1,98.69,53.0,0.0,540.07
21704,2011-12-19,2,82.29,8.0,0.0,706.5
21704,2011-12-26,3,57.55,82.29,0.0,822.05
21704,2012-01-02,4,100.77,0.0,0.0,983.54
21704,2012-01-09,5,111.81,84.0,0.0,1098.77
21704,2012-01-16,6,111.98,15.0,0.0,1193.14
21704,2012-01-23,7,107.74,28.0,0.0,1275.53
21704,2012-01-30,8,178.3,0.0,0.0,1426.72
21731,2011-12-12,1,313.51,644.0,0.0,754.89
21731,2011-12-19,2,120.36,333.0,0.0,744.57
21731,2011-12-26,3,98.95,120.36,0.0,863.45
21731,2012-01-02,4,190.06,137.0,0.0,1072.83
21731,2012-01-09,5,241.16,377.0,0.0,1228.12
21731,2012-01-16,6,217.98,123.0,0.0,1299.14
21731,2012-01-23,7,195.82,130.0,0.0,1363.61
21731,2012-01-30,8,204.49,106.0,0.0,1452.91
21733,2011-12-12,1,174.78,199.0,0.0,616.16
21733,2011-12-19,2,79.09,48.0,0.0,703.3
21733,2011-12-26,3,185.3,79.09,0.0,949.8
21733,2012-01-02,4,212.22,181.0,0.0,1094.99
21733,2012-01-09,5,234.92,1000.0,0.0,1221.88
21733,2012-01-16,6,164.71,95.0,0.0,1245.87
21733,2012-01-23,7,187.58,296.0,0.0,1355.37
21733,2012-01-30,8,172.17,128.0,0.0,1420.59
21787,2011-12-12,1,275.71,29.0,0.0,717.09
21787,2011-12-19,2,83.52,2.0,0.0,707.73
21787,2011-12-26,3,136.59,83.52,0.0,901.09
21787,2012-01-02,4,256.48,169.0,0.0,1139.25
21787,2012-01-09,5,230.92,50.0,0.0,1217.88
21787,2012-01-16,6,236.09,26.0,0.0,1317.25
21787,2012-01-23,7,216.35,48.0,0.0,1384.14
21787,2012-01-30,8,199.2,6.0,0.0,1447.62
21790,2011-12-12,1,331.43,114.0,0.0,772.81
21790,2011-12-19,2,133.28,32.0,0.0,757.49
21790,2011-12-26,3,93.35,133.28,0.0,857.85
21790,2012-01-02,4,138.94,236.0,0.0,1021.71
21790,2012-01-09,5,168.37,24.0,0.0,1155.33
21790,2012-01-16,6,193.89,41.0,0.0,1275.05
21790,2012-01-23,7,164.79,110.0,0.0,1332.58
21790,2012-01-30,8,174.23,49.0,0.0,1422.65
21791,2011-12-12,1,154.58,135.0,0.0,595.96
21791,2011-12-19,2,41.5,4.0,0.0,665.71
21791,2011-12-26,3,46.81,41.5,0.0,811.31
21791,2012-01-02,4,101.78,88.0,0.0,984.55
21791,2012-01-09,5,111.88,66.0,0.0,1098.84
21791,2012-01-16,6,117.6,47.0,0.0,1198.76
21791,2012-01-23,7,146.5,169.0,0.0,1314.29
21791,2012-01-30,8,155.56,38.0,0.0,1403.98
21829,2011-12-12,1,0.0,94.0,0.0,441.38
21829,2011-12-19,2,0.0,2.0,0.0,624.21
21829,2011-12-26,3,7.45,0.0,0.0,771.95
21829,2012-01-02,4,114.31,0.0,0.0,997.08
21829,2012-01-09,5,84.07,36.0,0.0,1071.03
21829,2012-01-16,6,369.43,109.0,0.0,1450.59
21829,2012-01-23,7,193.76,364.0,0.0,1361.55
21829,2012-01-30,8,215.85,166.0,0.0,1464.27
21871,2011-12-12,1,90.82,99.0,0.0,532.2
21871,2011-12-19,2,56.91,43.0,0.0,681.12
21871,2011-12-26,3,59.59,56.91,0.0,824.09
21871,2012-01-02,4,97.98,28.0,0.0,980.75
21871,2012-01-09,5,97.27,30.0,0.0,1084.23
21871,2012-01-16,6,88.3,35.0,0.0,1169.46
21871,2012-01-23,7,94.33,0.0,0.0,1262.12
21871,2012-01-30,8,129.86,34.0,0.0,1378.28
21877,2011-12-12,1,194.06,62.0,0.0,635.44
21877,2011-12-19,2,114.38,52.0,0.0,738.59
21877,2011-12-26,3,79.72,114.38,0.0,844.22
21877,2012-01-02,4,106.55,43.0,0.0,989.32
21877,2012-01-09,5,139.36,85.0,0.0,1126.32
21877,2012-01-16,6,122.72,45.0,0.0,1203.88
21877,2012-01-23,7,114.79,50.0,0.0,1282.58
21877,2012-01-30,8,132.58,158.0,0.0,1381.0
21889,2011-12-12,1,149.99,60.0,0.0,591.37
21889,2011-12-19,2,57.14,12.0,0.0,681.35
21889,2011-12-26,3,60.96,57.14,0.0,825.46
21889,2012-01-02,4,115.39,14.0,0.0,998.16
21889,2012-01-09,5,124.79,8.0,0.0,1111.75
21889,2012-01-16,6,121.9,36.0,0.0,1203.06
21889,2012-01-23,7,149.5,177.0,0.0,1317.29
21889,2012-01-30,8,139.79,29.0,0.0,1388.21
21891,2011-12-12,1,154.19,60.0,0.0,595.57
21891,2011-12-19,2,54.92,4.0,0.0,679.13
21891,2011-12-26,3,149.8,54.92,0.0,914.3
21891,2012-01-02,4,187.74,158.0,0.0,1070.51
21891,2012-01-09,5,193.94,26.0,0.0,1180.9
21891,2012-01-16,6,164.65,21.0,0.0,1245.81
21891,2012-01-23,7,179.85,40.0,0.0,1347.64
21891,2012-01-30,8,149.68,31.0,0.0,1398.1
21914,2011-12-12,1,320.99,185.0,0.0,762.37
21914,2011-12-19,2,62.72,3.0,0.0,686.93
21914,2011-12-26,3,57.1,62.72,0.0,821.6
21914,2012-01-02,4,141.22,262.0,0.0,1023.99
21914,2012-01-09,5,170.46,24.0,0.0,1157.42
21914,2012-01-16,6,155.12,41.0,0.0,1236.28
21914,2012-01-23,7,154.75,49.0,0.0,1322.54
21914,2012-01-30,8,181.91,111.0,0.0,1430.33
21915,2011-12-12,1,200.89,314.0,0.0,642.27
21915,2011-12-19,2,0.0,13.0,0.0,624.21
21915,2011-12-26,3,0.0,0.0,0.0,764.5
21915,2012-01-02,4,0.0,285.0,0.0,882.77
21915,2012-01-09,5,16.65,72.0,0.0,1003.61
21915,2012-01-16,6,41.54,116.0,0.0,1122.7
21915,2012-01-23,7,121.98,84.0,0.0,1289.77
21915,2012-01-30,8,266.47,556.0,0.0,1514.89
21918,2011-12-12,1,51.81,56.0,0.0,493.19
21918,2011-12-19,2,7.44,64.0,0.0,631.65
21918,2011-12-26,3,36.2,7.44,0.0,800.7
21918,2012-01-02,4,171.96,81.0,0.0,1054.73
21918,2012-01-09,5,81.46,22.0,0.0,1068.42
21918,2012-01-16,6,74.57,325.0,0.0,1155.73
21918,2012-01-23,7,76.75,20.0,0.0,1244.54
21918,2012-01-30,8,74.14,2.0,0.0,1322.56
21928,2011-12-12,1,127.25,133.0,0.0,568.63
21928,2011-12-19,2,40.47,19.0,0.0,664.68
21928,2011-12-26,3,50.41,40.47,0.0,814.91
21928,2012-01-02,4,160.89,151.0,0.0,1043.66
21928,2012-01-09,5,152.37,59.0,0.0,1139.33
21928,2012-01-16,6,126.63,314.0,0.0,1207.79
21928,2012-01-23,7,125.44,105.0,0.0,1293.23
21928,2012-01-30,8,135.7,182.0,0.0,1384.12
21929,2011-12-12,1,116.04,183.0,0.0,557.42
21929,2011-12-19,2,59.24,13.0,0.0,683.45
21929,2011-12-26,3,51.93,59.24,0.0,816.43
21929,2012-01-02,4,121.18,410.0,0.0,1003.95
21929,2012-01-09,5,115.97,82.0,0.0,1102.93
21929,2012-01-16,6,113.24,151.0,0.0,1194.4
21929,2012-01-23,7,131.55,201.0,0.0,1299.34
21929,2012-01-30,8,144.46,235.0,0.0,1392.88
21930,2011-12-12,1,101.62,80.0,0.0,543.0
21930,2011-12-19,2,32.93,124.0,0.0,657.14
21930,2011-12-26,3,58.08,32.93,0.0,822.58
21930,2012-01-02,4,145.27,45.0,0.0,1028.04
21930,2012-01-09,5,163.43,108.0,0.0,1150.39
21930,2012-01-16,6,106.12,78.0,0.0,1187.28
21930,2012-01-23,7,104.73,94.0,0.0,1272.52
21930,2012-01-30,8,122.05,184.0,0.0,1370.47
21931,2011-12-12,1,157.7,174.0,0.0,599.08
21931,2011-12-19,2,35.0,62.0,0.0,659.21
21931,2011-12-26,3,58.32,35.0,0.0,822.82
21931,2012-01-02,4,142.34,226.0,0.0,1025.11
21931,2012-01-09,5,197.91,391.0,0.0,1184.87
21931,2012-01-16,6,190.2,80.0,0.0,1271.36
21931,2012-01-23,7,159.64,259.0,0.0,1327.43
21931,2012-01-30,8,166.02,147.0,0.0,1414.44
21967,2011-12-12,1,72.61,2.0,0.0,513.99
21967,2011-12-19,2,48.39,50.0,0.0,672.6
21967,2011-12-26,3,51.62,48.39,0.0,816.12
21967,2012-01-02,4,91.15,157.0,0.0,973.92
21967,2012-01-09,5,107.58,2.0,0.0,1094.54
21967,2012-01-16,6,92.8,61.0,0.0,1173.96
21967,2012-01-23,7,72.28,229.0,0.0,1240.07
21967,2012-01-30,8,94.95,9.0,0.0,1343.37
21975,2011-12-12,1,81.72,33.0,0.0,523.1
21975,2011-12-19,2,57.79,528.0,0.0,682.0
21975,2011-12-26,3,47.17,57.79,0.0,811.67
21975,2012-01-02,4,100.58,75.0,0.0,983.35
21975,2012-01-09,5,121.07,140.0,0.0,1108.03
21975,2012-01-16,6,99.84,76.0,0.0,1181.0
21975,2012-01-23,7,87.32,117.0,0.0,1255.11
21975,2012-01-30,8,91.92,101.0,0.0,1340.34
21976,2011-12-12,1,79.33,15.0,0.0,520.71
21976,2011-12-19,2,86.44,59.0,0.0,710.65
21976,2011-12-26,3,54.94,86.44,0.0,819.44
21976,2012-01-02,4,111.52,88.0,0.0,994.29
21976,2012-01-09,5,134.21,326.0,0.0,1121.17
21976,2012-01-16,6,108.43,124.0,0.0,1189.59
21976,2012-01-23,7,88.38,51.0,0.0,1256.17
21976,2012-01-30,8,119.71,50.0,0.0,1368.13
21977,2011-12-12,1,257.93,549.0,0.0,699.31
21977,2011-12-19,2,171.7,534.0,0.0,795.91
21977,2011-12-26,3,116.59,171.7,0.0,881.09
21977,2012-01-02,4,223.34,179.0,0.0,1106.11
21977,2012-01-09,5,187.68,107.0,0.0,1174.64
21977,2012-01-16,6,195.64,154.0,0.0,1276.8
21977,2012-01-23,7,182.87,144.0,0.0,1350.66
21977,2012-01-30,8,217.8,811.0,0.0,1466.22
21980,2011-12-12,1,74.69,78.0,0.0,516.07
21980,2011-12-19,2,21.01,0.0,0.0,645.22
21980,2011-12-26,3,120.39,21.01,0.0,884.89
21980,2012-01-02,4,118.92,133.0,0.0,1001.69
21980,2012-01-09,5,135.04,26.0,0.0,1122.0
21980,2012-01-16,6,102.16,62.0,0.0,1183.32
21980,2012-01-23,7,131.75,210.0,0.0,1299.54
21980,2012-01-30,8,120.23,570.0,0.0,1368.65
21981,2011-12-12,1,100.37,167.0,0.0,541.75
21981,2011-12-19,2,35.96,12.0,0.0,660.17
21981,2011-12-26,3,42.62,35.96,0.0,807.12
21981,2012-01-02,4,93.76,84.0,0.0,976.53
21981,2012-01-09,5,144.9,156.0,0.0,1131.86
21981,2012-01-16,6,119.02,84.0,0.0,1200.18
21981,2012-01-23,7,107.96,96.0,0.0,1275.75
21981,2012-01-30,8,94.86,5.0,0.0,1343.28
21982,2011-12-12,1,115.87,190.0,0.0,557.25
21982,2011-12-19,2,52.77,75.0,0.0,676.98
21982,2011-12-26,3,112.74,52.77,0.0,877.24
21982,2012-01-02,4,127.18,205.0,0.0,1009.95
21982,2012-01-09,5,118.01,15.0,0.0,1104.97
21982,2012-01-16,6,112.58,112.0,0.0,1193.74
21982,2012-01-23,7,144.79,54.0,0.0,1312.58
21982,2012-01-30,8,114.37,2.0,0.0,1362.79
21984,2011-12-12,1,30.2,95.0,0.0,471.58
21984,2011-12-19,2,92.84,5.0,0.0,717.05
21984,2011-12-26,3,40.07,92.84,0.0,804.57
21984,2012-01-02,4,72.45,24.0,0.0,955.22
21984,2012-01-09,5,101.5,16.0,0.0,1088.46
21984,2012-01-16,6,102.11,3.0,0.0,1183.27
21984,2012-01-23,7,88.5,4.0,0.0,1256.29
21984,2012-01-30,8,98.43,487.0,0.0,1346.85
21985,2011-12-12,1,72.47,129.0,0.0,513.85
21985,2011-12-19,2,19.17,52.0,0.0,643.38
21985,2011-12-26,3,47.27,19.17,0.0,811.77
21985,2012-01-02,4,84.45,312.0,0.0,967.22
21985,2012-01-09,5,132.74,260.0,0.0,1119.7
21985,2012-01-16,6,112.31,265.0,0.0,1193.47
21985,2012-01-23,7,120.07,561.0,0.0,1287.86
21985,2012-01-30,8,122.24,244.0,0.0,1370.66
21986,2011-12-12,1,81.11,50.0,0.0,522.49
21986,2011-12-19,2,65.69,12.0,0.0,689.9
21986,2011-12-26,3,48.53,65.69,0.0,813.03
21986,2012-01-02,4,97.17,0.0,0.0,979.94
21986,2012-01-09,5,85.62,122.0,0.0,1072.58
21986,2012-01-16,6,102.25,38.0,0.0,1183.41
21986,2012-01-23,7,72.53,24.0,0.0,1240.32
21986,2012-01-30,8,135.84,92.0,0.0,1384.26
22029,2011-12-12,1,101.17,113.0,0.0,542.55
22029,2011-12-19,2,20.5,48.0,0.0,644.71
22029,2011-12-26,3,46.62,20.5,0.0,811.12
22029,2012-01-02,4,86.78,87.0,0.0,969.55
22029,2012-01-09,5,90.48,207.0,0.0,1077.44
22029,2012-01-16,6,71.95,239.0,0.0,1153.11
22029,2012-01-23,7,79.38,160.0,0.0,1247.17
22029,2012-01-30,8,110.39,161.0,0.0,1358.81
22030,2011-12-12,1,150.7,144.0,0.0,592.08
22030,2011-12-19,2,114.99,72.0,0.0,739.2
22030,2011-12-26,3,77.0,114.99,0.0,841.5
22030,2012-01-02,4,107.1,60.0,0.0,989.87
22030,2012-01-09,5,160.06,60.0,0.0,1147.02
22030,2012-01-16,6,167.32,25.0,0.0,1248.48
22030,2012-01-23,7,146.85,48.0,0.0,1314.64
22030,2012-01-30,8,154.33,137.0,0.0,1402.75
22045,2011-12-12,1,80.39,75.0,0.0,521.77
22045,2011-12-19,2,29.87,0.0,0.0,654.08
22045,2011-12-26,3,60.5,29.87,0.0,825.0
22045,2012-01-02,4,110.27,75.0,0.0,993.04
22045,2012-01-09,5,86.19,75.0,0.0,1073.15
22045,2012-01-16,6,68.08,75.0,0.0,1149.24
22045,2012-01-23,7,72.66,100.0,0.0,1240.45
22045,2012-01-30,8,85.45,150.0,0.0,1333.87
22077,2011-12-12,1,150.09,368.0,0.0,591.47
22077,2011-12-19,2,61.71,39.0,0.0,685.92
22077,2011-12-26,3,80.45,61.71,0.0,844.95
22077,2012-01-02,4,180.27,186.0,0.0,1063.04
22077,2012-01-09,5,184.71,99.0,0.0,1171.67
22077,2012-01-16,6,146.62,132.0,0.0,1227.78
22077,2012-01-23,7,167.82,146.0,0.0,1335.61
22077,2012-01-30,8,152.42,129.0,0.0,1400.84
22083,2011-12-12,1,124.08,149.0,0.0,565.46
22083,2011-12-19,2,45.41,39.0,0.0,669.62
22083,2011-12-26,3,58.52,45.41,0.0,823.02
22083,2012-01-02,4,124.12,17.0,0.0,1006.89
22083,2012-01-09,5,121.11,88.0,0.0,1108.07
22083,2012-01-16,6,95.82,19.0,0.0,1176.98
22083,2012-01-23,7,84.2,78.0,0.0,1251.99
22083,2012-01-30,8,94.36,55.0,0.0,1342.78
22086,2011-12-12,1,984.83,597.0,543.45,1426.21
22086,2011-12-19,2,853.17,125.0,228.96,1477.38
22086,2011-12-26,3,542.58,853.17,0.0,1307.08
22086,2012-01-02,4,783.23,16.0,0.0,1666.0
22086,2012-01-09,5,688.89,6.0,0.0,1675.85
22086,2012-01-16,6,522.3,2.0,0.0,1603.46
22086,2012-01-23,7,675.22,0.0,0.0,1843.01
22086,2012-01-30,8,485.43,0.0,0.0,1733.85
22090,2011-12-12,1,89.99,11.0,0.0,531.37
22090,2011-12-19,2,61.84,28.0,0.0,686.05
22090,2011-12-26,3,36.82,61.84,0.0,801.32
22090,2012-01-02,4,103.11,43.0,0.0,985.88
22090,2012-01-09,5,136.85,194.0,0.0,1123.81
22090,2012-01-16,6,103.35,114.0,0.0,1184.51
22090,2012-01-23,7,108.26,118.0,0.0,1276.05
22090,2012-01-30,8,99.71,88.0,0.0,1348.13
22114,2011-12-12,1,324.56,159.0,0.0,765.94
22114,2011-12-19,2,180.62,220.0,0.0,804.83
22114,2011-12-26,3,151.62,180.62,0.0,916.12
22114,2012-01-02,4,206.6,1.0,0.0,1089.37
22114,2012-01-09,5,261.6,0.0,0.0,1248.56
22114,2012-01-16,6,203.44,0.0,0.0,1284.6
22114,2012-01-23,7,197.34,1.0,0.0,1365.13
22114,2012-01-30,8,199.95,1.0,0.0,1448.37
22147,2011-12-12,1,53.16,118.0,0.0,494.54
22147,2011-12-19,2,30.28,16.0,0.0,654.49
22147,2011-12-26,3,0.0,30.28,0.0,764.5
22147,2012-01-02,4,0.0,7.0,0.0,882.77
22147,2012-01-09,5,321.87,55.0,0.0,1308.83
22147,2012-01-16,6,14.1,29.0,0.0,1095.26
22147,2012-01-23,7,0.0,40.0,0.0,1167.79
22147,2012-01-30,8,62.11,37.0,0.0,1310.53
22149,2011-12-12,1,69.44,73.0,0.0,510.82
22149,2011-12-19,2,129.07,11.0,0.0,753.28
22149,2011-12-26,3,503.47,129.07,0.0,1267.97
22149,2012-01-02,4,111.94,23.0,0.0,994.71
22149,2012-01-09,5,305.96,49.0,0.0,1292.92
22149,2012-01-16,6,130.85,32.0,0.0,1212.01
22149,2012-01-23,7,146.46,51.0,0.0,1314.25
22149,2012-01-30,8,133.39,74.0,0.0,1381.81
22151,2011-12-12,1,128.23,222.0,0.0,569.61
22151,2011-12-19,2,47.72,1.0,0.0,671.93
22151,2011-12-26,3,58.56,47.72,0.0,823.06
22151,2012-01-02,4,140.45,171.0,0.0,1023.22
22151,2012-01-09,5,150.27,184.0,0.0,1137.23
22151,2012-01-16,6,127.52,218.0,0.0,1208.68
22151,2012-01-23,7,130.61,24.0,0.0,1298.4
22151,2012-01-30,8,145.64,776.0,0.0,1394.06
22178,2011-12-12,1,424.02,593.0,0.0,865.4
22178,2011-12-19,2,134.23,130.0,0.0,758.44
22178,2011-12-26,3,88.07,134.23,0.0,852.57
22178,2012-01-02,4,231.15,396.0,0.0,1113.92
22178,2012-01-09,5,291.45,204.0,0.0,1278.41
22178,2012-01-16,6,248.29,339.0,0.0,1329.45
22178,2012-01-23,7,234.24,327.0,0.0,1402.03
22178,2012-01-30,8,277.58,482.0,0.0,1526.0
22189,2011-12-12,1,143.65,104.0,0.0,585.03
22189,2011-12-19,2,78.53,6.0,0.0,702.74
22189,2011-12-26,3,116.35,78.53,0.0,880.85
22189,2012-01-02,4,122.71,55.0,0.0,1005.48
22189,2012-01-09,5,125.4,28.0,0.0,1112.36
22189,2012-01-16,6,135.52,40.0,0.0,1216.68
22189,2012-01-23,7,131.22,35.0,0.0,1299.01
22189,2012-01-30,8,125.46,58.0,0.0,1373.88
22197,2011-12-12,1,3240.81,980.0,2799.43,3682.19
22197,2011-12-19,2,3056.12,252.0,2431.91,3680.33
22197,2011-12-26,3,3148.95,3056.12,2384.45,3913.45
22197,2012-01-02,4,2807.49,807.0,1924.72,3690.26
22197,2012-01-09,5,2915.17,344.0,1928.21,3902.13
22197,2012-01-16,6,2979.24,261.0,1898.08,4060.4
22197,2012-01-23,7,3024.3,351.0,1856.51,4192.09
22197,2012-01-30,8,3079.11,107.0,1830.69,4327.53
22294,2011-12-12,1,105.25,307.0,0.0,546.63
22294,2011-12-19,2,48.5,1.0,0.0,672.71
22294,2011-12-26,3,23.94,48.5,0.0,788.44
22294,2012-01-02,4,111.15,45.0,0.0,993.92
22294,2012-01-09,5,176.43,88.0,0.0,1163.39
22294,2012-01-16,6,99.17,31.0,0.0,1180.33
22294,2012-01-23,7,97.8,68.0,0.0,1265.59
22294,2012-01-30,8,121.56,122.0,0.0,1369.98
22297,2011-12-12,1,92.53,135.0,0.0,533.91
22297,2011-12-19,2,48.35,4.0,0.0,672.56
22297,2011-12-26,3,52.99,48.35,0.0,817.49
22297,2012-01-02,4,123.66,120.0,0.0,1006.43
22297,2012-01-09,5,126.35,84.0,0.0,1113.31
22297,2012-01-16,6,100.47,15.0,0.0,1181.63
22297,2012-01-23,7,88.58,55.0,0.0,1256.37
22297,2012-01-30,8,96.84,64.0,0.0,1345.26
22326,2011-12-12,1,142.06,81.0,0.0,583.44
22326,2011-12-19,2,66.91,211.0,0.0,691.12
22326,2011-12-26,3,49.51,66.91,0.0,814.01
22326,2012-01-02,4,156.17,85.0,0.0,1038.94
22326,2012-01-09,5,194.02,197.0,0.0,1180.98
22326,2012-01-16,6,143.24,369.0,0.0,1224.4
22326,2012-01-23,7,138.67,159.0,0.0,1306.46
22326,2012-01-30,8,142.28,41.0,0.0,1390.7
22328,2011-12-12,1,80.14,196.0,0.0,521.52
22328,2011-12-19,2,20.63,20.0,0.0,644.84
22328,2011-12-26,3,32.1,20.63,0.0,796.6
22328,2012-01-02,4,140.65,44.0,0.0,1023.42
22328,2012-01-09,5,146.2,113.0,0.0,1133.16
22328,2012-01-16,6,93.35,246.0,0.0,1174.51
22328,2012-01-23,7,86.3,51.0,0.0,1254.09
22328,2012-01-30,8,93.08,45.0,0.0,1341.5
22348,2011-12-12,1,91.03,407.0,0.0,532.41
22348,2011-12-19,2,96.15,13.0,0.0,720.36
22348,2011-12-26,3,34.16,96.15,0.0,798.66
22348,2012-01-02,4,113.41,66.0,0.0,996.18
22348,2012-01-09,5,126.18,93.0,0.0,1113.14
22348,2012-01-16,6,146.86,135.0,0.0,1228.02
22348,2012-01-23,7,129.74,42.0,0.0,1297.53
22348,2012-01-30,8,153.44,414.0,0.0,1401.86
22355,2011-12-12,1,452.58,462.0,11.2,893.96
22355,2011-12-19,2,351.1,567.0,0.0,975.31
22355,2011-12-26,3,149.34,351.1,0.0,913.84
22355,2012-01-02,4,257.27,173.0,0.0,1140.04
22355,2012-01-09,5,334.09,462.0,0.0,1321.05
22355,2012-01-16,6,270.45,191.0,0.0,1351.61
22355,2012-01-23,7,326.16,457.0,0.0,1493.95
22355,2012-01-30,8,244.31,148.0,0.0,1492.73
22356,2011-12-12,1,164.73,223.0,0.0,606.11
22356,2011-12-19,2,48.23,123.0,0.0,672.44
22356,2011-12-26,3,51.13,48.23,0.0,815.63
22356,2012-01-02,4,124.74,86.0,0.0,1007.51
22356,2012-01-09,5,174.11,240.0,0.0,1161.07
22356,2012-01-16,6,144.65,195.0,0.0,1225.81
22356,2012-01-23,7,149.17,45.0,0.0,1316.96
22356,2012-01-30,8,147.53,104.0,0.0,1395.95
22379,2011-12-12,1,110.16,87.0,0.0,551.54
22379,2011-12-19,2,64.21,44.0,0.0,688.42
22379,2011-12-26,3,43.3,64.21,0.0,807.8
22379,2012-01-02,4,112.93,737.0,0.0,995.7
22379,2012-01-09,5,165.74,111.0,0.0,1152.7
22379,2012-01-16,6,100.47,40.0,0.0,1181.63
22379,2012-01-23,7,104.41,60.0,0.0,1272.2
22379,2012-01-30,8,113.05,347.0,0.0,1361.47
22382,2011-12-12,1,107.7,106.0,0.0,549.08
22382,2011-12-19,2,59.47,210.0,0.0,683.68
22382,2011-12-26,3,59.39,59.47,0.0,823.89
22382,2012-01-02,4,144.75,189.0,0.0,1027.52
22382,2012-01-09,5,157.87,132.0,0.0,1144.83
22382,2012-01-16,6,141.65,176.0,0.0,1222.81
22382,2012-01-23,7,141.17,187.0,0.0,1308.96
22382,2012-01-30,8,145.26,105.0,0.0,1393.68
22383,2011-12-12,1,117.96,146.0,0.0,559.34
22383,2011-12-19,2,57.71,110.0,0.0,681.92
22383,2011-12-26,3,51.11,57.71,0.0,815.61
22383,2012-01-02,4,171.4,140.0,0.0,1054.17
22383,2012-01-09,5,194.34,289.0,0.0,1181.3
22383,2012-01-16,6,132.6,100.0,0.0,1213.76
22383,2012-01-23,7,138.27,237.0,0.0,1306.06
22383,2012-01-30,8,143.43,251.0,0.0,1391.85
22384,2011-12-12,1,91.59,100.0,0.0,532.97
22384,2011-12-19,2,20.67,2.0,0.0,644.88
22384,2011-12-26,3,55.38,20.67,0.0,819.88
22384,2012-01-02,4,137.02,70.0,0.0,1019.79
22384,2012-01-09,5,159.15,72.0,0.0,1146.11
22384,2012-01-16,6,77.93,53.0,0.0,1159.09
22384,2012-01-23,7,101.61,244.0,0.0,1269.4
22384,2012-01-30,8,105.9,202.0,0.0,1354.32
22385,2011-12-12,1,88.26,43.0,0.0,529.64
22385,2011-12-19,2,31.29,6.0,0.0,655.5
22385,2011-12-26,3,41.22,31.29,0.0,805.72
22385,2012-01-02,4,158.27,339.0,0.0,1041.04
22385,2012-01-09,5,164.82,174.0,0.0,1151.78
22385,2012-01-16,6,115.3,77.0,0.0,1196.46
22385,2012-01-23,7,118.41,53.0,0.0,1286.2
22385,2012-01-30,8,141.83,185.0,0.0,1390.25
22386,2011-12-12,1,132.17,107.0,0.0,573.55
22386,2011-12-19,2,85.5,9.0,0.0,709.71
22386,2011-12-26,3,96.71,85.5,0.0,861.21
22386,2012-01-02,4,222.96,543.0,0.0,1105.73
22386,2012-01-09,5,227.64,323.0,0.0,1214.6
22386,2012-01-16,6,171.08,73.0,0.0,1252.24
22386,2012-01-23,7,169.51,199.0,0.0,1337.3
22386,2012-01-30,8,166.1,225.0,0.0,1414.52
22411,2011-12-12,1,174.37,243.0,0.0,615.75
22411,2011-12-19,2,87.27,57.0,0.0,711.48
22411,2011-12-26,3,44.57,87.27,0.0,809.07
22411,2012-01-02,4,195.5,108.0,0.0,1078.27
22411,2012-01-09,5,218.36,168.0,0.0,1205.32
22411,2012-01-16,6,174.42,106.0,0.0,1255.58
22411,2012-01-23,7,162.62,136.0,0.0,1330.41
22411,2012-01-30,8,189.02,114.0,0.0,1437.44
22417,2011-12-12,1,102.49,373.0,0.0,543.87
22417,2011-12-19,2,58.31,153.0,0.0,682.52
22417,2011-12-26,3,58.5,58.31,0.0,823.0
22417,2012-01-02,4,99.93,41.0,0.0,982.7
22417,2012-01-09,5,105.63,256.0,0.0,1092.59
22417,2012-01-16,6,91.5,56.0,0.0,1172.66
22417,2012-01-23,7,100.87,158.0,0.0,1268.66
22417,2012-01-30,8,109.34,241.0,0.0,1357.76
22418,2011-12-12,1,96.62,148.0,0.0,538.0
22418,2011-12-19,2,33.51,2.0,0.0,657.72
22418,2011-12-26,3,26.78,33.51,0.0,791.28
22418,2012-01-02,4,92.43,134.0,0.0,975.2
22418,2012-01-09,5,157.09,84.0,0.0,1144.05
22418,2012-01-16,6,85.7,40.0,0.0,1166.86
22418,2012-01-23,7,87.04,25.0,0.0,1254.83
22418,2012-01-30,8,89.37,52.0,0.0,1337.79
22423,2011-12-12,1,172.65,426.0,0.0,614.03
22423,2011-12-19,2,23.3,178.0,0.0,647.51
22423,2011-12-26,3,52.07,23.3,0.0,816.57
22423,2012-01-02,4,192.38,251.0,0.0,1075.15
22423,2012-01-09,5,315.84,407.0,0.0,1302.8
22423,2012-01-16,6,321.82,139.0,0.0,1402.98
22423,2012-01-23,7,84.22,231.0,0.0,1252.01
22423,2012-01-30,8,63.53,150.0,0.0,1311.95
22457,2011-12-12,1,177.07,184.0,0.0,618.45
22457,2011-12-19,2,97.48,67.0,0.0,721.69
22457,2011-12-26,3,53.66,97.48,0.0,818.16
22457,2012-01-02,4,163.8,257.0,0.0,1046.57
22457,2012-01-09,5,202.15,208.0,0.0,1189.11
22457,2012-01-16,6,186.33,96.0,0.0,1267.49
22457,2012-01-23,7,229.39,223.0,0.0,1397.18
22457,2012-01-30,8,276.76,149.0,0.0,1525.18
22467,2011-12-12,1,150.29,98.0,0.0,591.67
22467,2011-12-19,2,70.63,13.0,0.0,694.84
22467,2011-12-26,3,80.26,70.63,0.0,844.76
22467,2012-01-02,4,174.53,159.0,0.0,1057.3
22467,2012-01-09,5,202.17,179.0,0.0,1189.13
22467,2012-01-16,6,152.57,177.0,0.0,1233.73
22467,2012-01-23,7,149.88,108.0,0.0,1317.67
22467,2012-01-30,8,141.58,124.0,0.0,1390.0
22469,2011-12-12,1,139.52,404.0,0.0,580.9
22469,2011-12-19,2,77.03,204.0,0.0,701.24
22469,2011-12-26,3,371.07,77.03,0.0,1135.57
22469,2012-01-02,4,222.62,365.0,0.0,1105.39
22469,2012-01-09,5,274.87,1574.0,0.0,1261.83
22469,2012-01-16,6,217.03,405.0,0.0,1298.19
22469,2012-01-23,7,302.23,554.0,0.0,1470.02
22469,2012-01-30,8,229.96,368.0,0.0,1478.38
22470,2011-12-12,1,117.15,231.0,0.0,558.53
22470,2011-12-19,2,85.67,55.0,0.0,709.88
22470,2011-12-26,3,197.68,85.67,0.0,962.18
22470,2012-01-02,4,168.95,139.0,0.0,1051.72
22470,2012-01-09,5,264.82,1368.0,0.0,1251.78
22470,2012-01-16,6,203.53,75.0,0.0,1284.69
22470,2012-01-23,7,239.44,175.0,0.0,1407.23
22470,2012-01-30,8,159.39,151.0,0.0,1407.81
22489,2011-12-12,1,176.87,257.0,0.0,618.25
22489,2011-12-19,2,108.13,53.0,0.0,732.34
22489,2011-12-26,3,74.81,108.13,0.0,839.31
22489,2012-01-02,4,134.17,61.0,0.0,1016.94
22489,2012-01-09,5,152.28,461.0,0.0,1139.24
22489,2012-01-16,6,147.66,43.0,0.0,1228.82
22489,2012-01-23,7,154.39,307.0,0.0,1322.18
22489,2012-01-30,8,168.61,60.0,0.0,1417.03
22492,2011-12-12,1,214.15,227.0,0.0,655.53
22492,2011-12-19,2,232.07,181.0,0.0,856.28
22492,2011-12-26,3,273.22,232.07,0.0,1037.72
22492,2012-01-02,4,446.54,648.0,0.0,1329.31
22492,2012-01-09,5,345.14,219.0,0.0,1332.1
22492,2012-01-16,6,258.36,38.0,0.0,1339.52
22492,2012-01-23,7,305.68,793.0,0.0,1473.47
22492,2012-01-30,8,320.54,541.0,0.0,1568.96
22534,2011-12-12,1,81.66,63.0,0.0,523.04
22534,2011-12-19,2,33.07,36.0,0.0,657.28
22534,2011-12-26,3,39.1,33.07,0.0,803.6
22534,2012-01-02,4,107.66,53.0,0.0,990.43
22534,2012-01-09,5,97.53,73.0,0.0,1084.49
22534,2012-01-16,6,60.02,34.0,0.0,1141.18
22534,2012-01-23,7,67.18,25.0,0.0,1234.97
22534,2012-01-30,8,76.04,16.0,0.0,1324.46
22551,2011-12-12,1,142.81,63.0,0.0,584.19
22551,2011-12-19,2,52.16,42.0,0.0,676.37
22551,2011-12-26,3,63.61,52.16,0.0,828.11
22551,2012-01-02,4,112.78,101.0,0.0,995.55
22551,2012-01-09,5,159.44,457.0,0.0,1146.4
22551,2012-01-16,6,144.75,609.0,0.0,1225.91
22551,2012-01-23,7,150.76,175.0,0.0,1318.55
22551,2012-01-30,8,152.88,199.0,0.0,1401.3
22554,2011-12-12,1,143.39,37.0,0.0,584.77
22554,2011-12-19,2,47.54,49.0,0.0,671.75
22554,2011-12-26,3,59.34,47.54,0.0,823.84
22554,2012-01-02,4,120.44,32.0,0.0,1003.21
22554,2012-01-09,5,151.61,421.0,0.0,1138.57
22554,2012-01-16,6,131.56,343.0,0.0,1212.72
22554,2012-01-23,7,141.31,195.0,0.0,1309.1
22554,2012-01-30,8,122.71,77.0,0.0,1371.13
22555,2011-12-12,1,96.9,116.0,0.0,538.28
22555,2011-12-19,2,34.12,135.0,0.0,658.33
22555,2011-12-26,3,36.2,34.12,0.0,800.7
22555,2012-01-02,4,116.12,30.0,0.0,998.89
22555,2012-01-09,5,136.33,42.0,0.0,1123.29
22555,2012-01-16,6,98.74,41.0,0.0,1179.9
22555,2012-01-23,7,110.65,156.0,0.0,1278.44
22555,2012-01-30,8,119.98,210.0,0.0,1368.4
22556,2011-12-12,1,118.87,123.0,0.0,560.25
22556,2011-12-19,2,50.37,53.0,0.0,674.58
22556,2011-12-26,3,51.87,50.37,0.0,816.37
22556,2012-01-02,4,132.04,100.0,0.0,1014.81
22556,2012-01-09,5,142.24,92.0,0.0,1129.2
22556,2012-01-16,6,122.81,85.0,0.0,1203.97
22556,2012-01-23,7,141.86,208.0,0.0,1309.65
22556,2012-01-30,8,123.67,48.0,0.0,1372.09
22558,2011-12-12,1,127.31,266.0,0.0,568.69
22558,2011-12-19,2,62.48,254.0,0.0,686.69
22558,2011-12-26,3,48.67,62.48,0.0,813.17
22558,2012-01-02,4,127.99,125.0,0.0,1010.76
22558,2012-01-09,5,139.03,376.0,0.0,1125.99
22558,2012-01-16,6,121.56,68.0,0.0,1202.72
22558,2012-01-23,7,145.01,124.0,0.0,1312.8
22558,2012-01-30,8,138.2,138.0,0.0,1386.62
22560,2011-12-12,1,211.18,8.0,0.0,652.56
22560,2011-12-19,2,91.25,146.0,0.0,715.46
22560,2011-12-26,3,45.03,91.25,0.0,809.53
22560,2012-01-02,4,193.03,5.0,0.0,1075.8
22560,2012-01-09,5,182.76,73.0,0.0,1169.72
22560,2012-01-16,6,208.74,115.0,0.0,1289.9
22560,2012-01-23,7,262.34,200.0,0.0,1430.13
22560,2012-01-30,8,276.43,127.0,0.0,1524.85
22561,2011-12-12,1,124.83,28.0,0.0,566.21
22561,2011-12-19,2,51.83,3.0,0.0,676.04
22561,2011-12-26,3,49.01,51.83,0.0,813.51
22561,2012-01-02,4,141.69,36.0,0.0,1024.46
22561,2012-01-09,5,142.4,25.0,0.0,1129.36
22561,2012-01-16,6,123.2,43.0,0.0,1204.36
22561,2012-01-23,7,124.78,74.0,0.0,1292.57
22561,2012-01-30,8,126.11,55.0,0.0,1374.53
22577,2011-12-12,1,566.4,21.0,125.02,1007.78
22577,2011-12-19,2,403.18,1.0,0.0,1027.39
22577,2011-12-26,3,253.96,403.18,0.0,1018.46
22577,2012-01-02,4,178.58,54.0,0.0,1061.35
22577,2012-01-09,5,229.85,12.0,0.0,1216.81
22577,2012-01-16,6,192.77,13.0,0.0,1273.93
22577,2012-01-23,7,587.67,39.0,0.0,1755.46
22577,2012-01-30,8,328.29,0.0,0.0,1576.71
22578,2011-12-12,1,430.28,28.0,0.0,871.66
22578,2011-12-19,2,435.73,3.0,0.0,1059.94
22578,2011-12-26,3,420.89,435.73,0.0,1185.39
22578,2012-01-02,4,243.28,0.0,0.0,1126.05
22578,2012-01-09,5,140.84,0.0,0.0,1127.8
22578,2012-01-16,6,161.73,1.0,0.0,1242.89
22578,2012-01-23,7,292.93,0.0,0.0,1460.72
22578,2012-01-30,8,343.82,0.0,0.0,1592.24
22585,2011-12-12,1,93.05,369.0,0.0,534.43
22585,2011-12-19,2,75.3,7.0,0.0,699.51
22585,2011-12-26,3,41.52,75.3,0.0,806.02
22585,2012-01-02,4,95.32,24.0,0.0,978.09
22585,2012-01-09,5,128.05,193.0,0.0,1115.01
22585,2012-01-16,6,114.75,32.0,0.0,1195.91
22585,2012-01-23,7,105.52,43.0,0.0,1273.31
22585,2012-01-30,8,116.5,13.0,0.0,1364.92
22595,2011-12-12,1,140.11,108.0,0.0,581.49
22595,2011-12-19,2,79.53,10.0,0.0,703.74
22595,2011-12-26,3,65.14,79.53,0.0,829.64
22595,2012-01-02,4,108.1,16.0,0.0,990.87
22595,2012-01-09,5,130.93,10.0,0.0,1117.89
22595,2012-01-16,6,119.38,1.0,0.0,1200.54
22595,2012-01-23,7,116.12,3.0,0.0,1283.91
22595,2012-01-30,8,115.4,63.0,0.0,1363.82
22610,2011-12-12,1,387.81,540.0,0.0,829.19
22610,2011-12-19,2,382.4,108.0,0.0,1006.61
22610,2011-12-26,3,272.54,382.4,0.0,1037.04
22610,2012-01-02,4,499.08,252.0,0.0,1381.85
22610,2012-01-09,5,470.1,38.0,0.0,1457.06
22610,2012-01-16,6,543.08,36.0,0.0,1624.24
22610,2012-01-23,7,515.57,109.0,0.0,1683.36
22610,2012-01-30,8,652.35,15.0,0.0,1900.77
22616,2011-12-12,1,310.96,223.0,0.0,752.34
22616,2011-12-19,2,304.27,1423.0,0.0,928.48
22616,2011-12-26,3,214.73,304.27,0.0,979.23
22616,2012-01-02,4,328.06,110.0,0.0,1210.83
22616,2012-01-09,5,216.9,101.0,0.0,1203.86
22616,2012-01-16,6,235.25,85.0,0.0,1316.41
22616,2012-01-23,7,244.8,169.0,0.0,1412.59
22616,2012-01-30,8,282.24,968.0,0.0,1530.66
22629,2011-12-12,1,185.42,283.0,0.0,626.8
22629,2011-12-19,2,80.92,147.0,0.0,705.13
22629,2011-12-26,3,44.63,80.92,0.0,809.13
22629,2012-01-02,4,107.82,77.0,0.0,990.59
22629,2012-01-09,5,168.57,556.0,0.0,1155.53
22629,2012-01-16,6,170.07,626.0,0.0,1251.23
22629,2012-01-23,7,164.17,137.0,0.0,1331.96
22629,2012-01-30,8,176.95,460.0,0.0,1425.37
22630,2011-12-12,1,138.45,168.0,0.0,579.83
22630,2011-12-19,2,56.57,24.0,0.0,680.78
22630,2011-12-26,3,57.06,56.57,0.0,821.56
22630,2012-01-02,4,116.87,46.0,0.0,999.64
22630,2012-01-09,5,154.48,490.0,0.0,1141.44
22630,2012-01-16,6,143.85,455.0,0.0,1225.01
22630,2012-01-23,7,136.08,117.0,0.0,1303.87
22630,2012-01-30,8,140.66,73.0,0.0,1389.08
22659,2011-12-12,1,99.36,430.0,0.0,540.74
22659,2011-12-19,2,35.83,38.0,0.0,660.04
22659,2011-12-26,3,50.38,35.83,0.0,814.88
22659,2012-01-02,4,129.22,100.0,0.0,1011.99
22659,2012-01-09,5,149.63,81.0,0.0,1136.59
22659,2012-01-16,6,116.29,297.0,0.0,1197.45
22659,2012-01-23,7,118.84,102.0,0.0,1286.63
22659,2012-01-30,8,123.74,386.0,0.0,1372.16
22693,2011-12-12,1,202.77,2569.0,0.0,644.15
22693,2011-12-19,2,99.55,24.0,0.0,723.76
22693,2011-12-26,3,51.89,99.55,0.0,816.39
22693,2012-01-02,4,135.58,72.0,0.0,1018.35
22693,2012-01-09,5,181.25,192.0,0.0,1168.21
22693,2012-01-16,6,140.84,72.0,0.0,1222.0
22693,2012-01-23,7,151.96,120.0,0.0,1319.75
22693,2012-01-30,8,146.23,48.0,0.0,1394.65
22699,2011-12-12,1,143.28,133.0,0.0,584.66
22699,2011-12-19,2,63.4,84.0,0.0,687.61
22699,2011-12-26,3,69.91,63.4,0.0,834.41
22699,2012-01-02,4,127.82,54.0,0.0,1010.59
22699,2012-01-09,5,155.81,167.0,0.0,1142.77
22699,2012-01-16,6,117.97,41.0,0.0,1199.13
22699,2012-01-23,7,139.03,150.0,0.0,1306.82
22699,2012-01-30,8,138.8,227.0,0.0,1387.22
22740,2011-12-12,1,0.0,254.0,0.0,441.38
22740,2011-12-19,2,0.0,3.0,0.0,624.21
22740,2011-12-26,3,0.0,0.0,0.0,764.5
22740,2012-01-02,4,0.0,50.0,0.0,882.77
22740,2012-01-09,5,0.0,4.0,0.0,986.96
22740,2012-01-16,6,0.0,152.0,0.0,1081.16
22740,2012-01-23,7,0.0,345.0,0.0,1167.79
22740,2012-01-30,8,0.0,0.0,0.0,1248.42
22865,2011-12-12,1,319.03,24.0,0.0,760.41
22865,2011-12-19,2,177.9,0.0,0.0,802.11
22865,2011-12-26,3,129.28,177.9,0.0,893.78
22865,2012-01-02,4,199.41,60.0,0.0,1082.18
22865,2012-01-09,5,196.18,1.0,0.0,1183.14
22865,2012-01-16,6,217.31,3.0,0.0,1298.47
22865,2012-01-23,7,188.69,0.0,0.0,1356.48
22865,2012-01-30,8,217.55,0.0,0.0,1465.97
22866,2011-12-12,1,214.03,0.0,0.0,655.41
22866,2011-12-19,2,118.48,0.0,0.0,742.69
22866,2011-12-26,3,100.08,118.48,0.0,864.58
22866,2012-01-02,4,182.74,1.0,0.0,1065.51
22866,2012-01-09,5,227.12,0.0,0.0,1214.08
22866,2012-01-16,6,210.02,1.0,0.0,1291.18
22866,2012-01-23,7,195.1,0.0,0.0,1362.89
22866,2012-01-30,8,200.82,0.0,0.0,1449.24
22867,2011-12-12,1,179.64,31.0,0.0,621.02
22867,2011-12-19,2,121.29,4.0,0.0,745.5
22867,2011-12-26,3,88.64,121.29,0.0,853.14
22867,2012-01-02,4,127.99,0.0,0.0,1010.76
22867,2012-01-09,5,183.17,0.0,0.0,1170.13
22867,2012-01-16,6,162.68,5.0,0.0,1243.84
22867,2012-01-23,7,182.34,0.0,0.0,1350.13
22867,2012-01-30,8,182.98,0.0,0.0,1431.4
22909,2011-12-12,1,325.72,280.0,0.0,767.1
22909,2011-12-19,2,148.96,20.0,0.0,773.17
22909,2011-12-26,3,105.41,148.96,0.0,869.91
22909,2012-01-02,4,163.29,8.0,0.0,1046.06
22909,2012-01-09,5,187.96,12.0,0.0,1174.92
22909,2012-01-16,6,195.34,2.0,0.0,1276.5
22909,2012-01-23,7,197.15,1.0,0.0,1364.94
22909,2012-01-30,8,220.91,1.0,0.0,1469.33
22910,2011-12-12,1,273.12,350.0,0.0,714.5
22910,2011-12-19,2,192.06,120.0,0.0,816.27
22910,2011-12-26,3,240.86,192.06,0.0,1005.36
22910,2012-01-02,4,231.72,15.0,0.0,1114.49
22910,2012-01-09,5,236.89,3.0,0.0,1223.85
22910,2012-01-16,6,451.55,1.0,0.0,1532.71
22910,2012-01-23,7,287.15,2.0,0.0,1454.94
22910,2012-01-30,8,249.33,12.0,0.0,1497.75
22952,2011-12-12,1,359.31,527.0,0.0,800.69
22952,2011-12-19,2,202.61,25.0,0.0,826.82
22952,2011-12-26,3,180.02,202.61,0.0,944.52
22952,2012-01-02,4,322.11,6.0,0.0,1204.88
22952,2012-01-09,5,216.26,0.0,0.0,1203.22
22952,2012-01-16,6,265.14,1.0,0.0,1346.3
22952,2012-01-23,7,645.99,2.0,0.0,1813.78
22952,2012-01-30,8,347.52,0.0,0.0,1595.94
22961,2011-12-12,1,350.14,600.0,0.0,791.52
22961,2011-12-19,2,211.39,125.0,0.0,835.6
22961,2011-12-26,3,118.15,211.39,0.0,882.65
22961,2012-01-02,4,270.17,155.0,0.0,1152.94
22961,2012-01-09,5,282.09,683.0,0.0,1269.05
22961,2012-01-16,6,243.89,197.0,0.0,1325.05
22961,2012-01-23,7,306.16,324.0,0.0,1473.95
22961,2012-01-30,8,394.86,294.0,0.0,1643.28
22969,2011-12-12,1,139.61,456.0,0.0,580.99
22969,2011-12-19,2,55.32,59.0,0.0,679.53
22969,2011-12-26,3,61.6,55.32,0.0,826.1
22969,2012-01-02,4,139.78,120.0,0.0,1022.55
22969,2012-01-09,5,156.53,157.0,0.0,1143.49
22969,2012-01-16,6,140.01,339.0,0.0,1221.17
22969,2012-01-23,7,142.31,196.0,0.0,1310.1
22969,2012-01-30,8,152.98,240.0,0.0,1401.4
22993,2011-12-12,1,232.59,407.0,0.0,673.97
22993,2011-12-19,2,115.87,232.59,0.0,740.08
22993,2011-12-26,3,116.27,115.87,0.0,880.77
22993,2012-01-02,4,215.59,116.27,0.0,1098.36
22993,2012-01-09,5,231.1,215.59,0.0,1218.06
22993,2012-01-16,6,219.11,231.1,0.0,1300.27
22993,2012-01-23,7,226.61,219.11,0.0,1394.4
22993,2012-01-30,8,226.91,226.61,0.0,1475.33
22998,2011-12-12,1,293.54,158.0,0.0,734.92
22998,2011-12-19,2,226.83,293.54,0.0,851.04
22998,2011-12-26,3,105.66,226.83,0.0,870.16
22998,2012-01-02,4,223.11,105.66,0.0,1105.88
22998,2012-01-09,5,216.22,223.11,0.0,1203.18
22998,2012-01-16,6,205.1,216.22,0.0,1286.26
22998,2012-01-23,7,217.37,205.1,0.0,1385.16
22998,2012-01-30,8,208.87,217.37,0.0,1457.29
23084,2011-12-12,1,3086.58,3203.0,2645.2,3527.96
23084,2011-12-19,2,2185.88,3086.58,1561.67,2810.09
23084,2011-12-26,3,3023.06,2185.88,2258.56,3787.56
23084,2012-01-02,4,3028.63,3023.06,2145.86,3911.4
23084,2012-01-09,5,3295.24,3028.63,2308.28,4282.2
23084,2012-01-16,6,2156.96,3295.24,1075.8,3238.12
23084,2012-01-23,7,3227.05,2156.96,2059.26,4394.84
23084,2012-01-30,8,3053.06,3227.05,1804.64,4301.48
23166,2011-12-12,1,130.1,177.0,0.0,571.48
23166,2011-12-19,2,62.25,130.1,0.0,686.46
23166,2011-12-26,3,57.87,62.25,0.0,822.37
23166,2012-01-02,4,142.97,57.87,0.0,1025.74
23166,2012-01-09,5,158.21,142.97,0.0,1145.17
23166,2012-01-16,6,142.47,74215.0,0.0,1223.63
23166,2012-01-23,7,129.72,0.0,0.0,1297.51
23166,2012-01-30,8,142.27,0.0,0.0,1390.69
23199,2011-12-12,1,166.89,143.0,0.0,608.27
23199,2011-12-19,2,89.19,166.89,0.0,713.4
23199,2011-12-26,3,65.89,89.19,0.0,830.39
23199,2012-01-02,4,171.7,65.89,0.0,1054.47
23199,2012-01-09,5,222.29,171.7,0.0,1209.25
23199,2012-01-16,6,187.3,222.29,0.0,1268.46
23199,2012-01-23,7,181.26,187.3,0.0,1349.05
23199,2012-01-30,8,186.41,181.26,0.0,1434.83
23201,2011-12-12,1,212.06,160.0,0.0,653.44
23201,2011-12-19,2,153.55,212.06,0.0,777.76
23201,2011-12-26,3,116.86,153.55,0.0,881.36
23201,2012-01-02,4,276.83,116.86,0.0,1159.6
23201,2012-01-09,5,241.62,276.83,0.0,1228.58
23201,2012-01-16,6,269.4,241.62,0.0,1350.56
23201,2012-01-23,7,227.74,269.4,0.0,1395.53
23201,2012-01-30,8,293.69,227.74,0.0,1542.11
23203,2011-12-12,1,363.08,531.0,0.0,804.46
23203,2011-12-19,2,130.03,363.08,0.0,754.24
23203,2011-12-26,3,59.18,130.03,0.0,823.68
23203,2012-01-02,4,154.78,59.18,0.0,1037.55
23203,2012-01-09,5,216.7,154.78,0.0,1203.66
23203,2012-01-16,6,205.05,216.7,0.0,1286.21
23203,2012-01-23,7,241.99,205.05,0.0,1409.78
23203,2012-01-30,8,208.65,241.99,0.0,1457.07
23206,2011-12-12,1,157.45,119.0,0.0,598.83
23206,2011-12-19,2,68.62,157.45,0.0,692.83
23206,2011-12-26,3,60.64,68.62,0.0,825.14
23206,2012-01-02,4,135.44,60.64,0.0,1018.21
23206,2012-01-09,5,153.79,135.44,0.0,1140.75
23206,2012-01-16,6,130.32,153.79,0.0,1211.48
23206,2012-01-23,7,146.49,130.32,0.0,1314.28
23206,2012-01-30,8,138.51,146.49,0.0,1386.93
23209,2011-12-12,1,208.17,341.0,0.0,649.55
23209,2011-12-19,2,107.37,208.17,0.0,731.58
23209,2011-12-26,3,58.43,107.37,0.0,822.93
23209,2012-01-02,4,143.52,58.43,0.0,1026.29
23209,2012-01-09,5,196.28,143.52,0.0,1183.24
23209,2012-01-16,6,190.29,196.28,0.0,1271.45
23209,2012-01-23,7,187.28,190.29,0.0,1355.07
23209,2012-01-30,8,194.92,187.28,0.0,1443.34
37340,2011-12-12,1,124.59,0.0,0.0,565.97
37340,2011-12-19,2,90.22,3.0,0.0,714.43
37340,2011-12-26,3,23.52,90.22,0.0,788.02
37340,2012-01-02,4,125.05,1.0,0.0,1007.82
37340,2012-01-09,5,103.16,13.0,0.0,1090.12
37340,2012-01-16,6,104.1,1.0,0.0,1185.26
37340,2012-01-23,7,83.65,1.0,0.0,1251.44
37340,2012-01-30,8,114.19,2.0,0.0,1362.61
37410,2011-12-12,1,0.0,0.0,0.0,441.38
37410,2011-12-19,2,0.0,0.0,0.0,624.21
37410,2011-12-26,3,0.0,0.0,0.0,764.5
37410,2012-01-02,4,0.0,0.0,0.0,882.77
37410,2012-01-09,5,0.0,0.0,0.0,986.96
37410,2012-01-16,6,0.0,0.0,0.0,1081.16
37410,2012-01-23,7,0.0,0.0,0.0,1167.79
37410,2012-01-30,8,0.0,0.0,0.0,1248.42
40016,2011-12-12,1,33.25,85.0,0.0,474.63
40016,2011-12-19,2,49.55,48.0,0.0,673.76
40016,2011-12-26,3,71.99,49.55,0.0,836.49
40016,2012-01-02,4,323.65,1392.0,0.0,1206.42
40016,2012-01-09,5,100.4,144.0,0.0,1087.36
40016,2012-01-16,6,79.79,85.0,0.0,1160.95
40016,2012-01-23,7,121.18,507.0,0.0,1288.97
40016,2012-01-30,8,110.28,50.0,0.0,1358.7
47566,2011-12-12,1,116.77,29.0,0.0,558.15
47566,2011-12-19,2,96.95,24.0,0.0,721.16
47566,2011-12-26,3,49.21,96.95,0.0,813.71
47566,2012-01-02,4,123.39,145.0,0.0,1006.16
47566,2012-01-09,5,138.89,85.0,0.0,1125.85
47566,2012-01-16,6,108.14,69.0,0.0,1189.3
47566,2012-01-23,7,130.82,170.0,0.0,1298.61
47566,2012-01-30,8,128.08,232.0,0.0,1376.5
71459,2011-12-12,1,81.31,32.0,0.0,522.69
71459,2011-12-19,2,54.11,60.0,0.0,678.32
71459,2011-12-26,3,43.3,54.11,0.0,807.8
71459,2012-01-02,4,117.85,108.0,0.0,1000.62
71459,2012-01-09,5,139.61,348.0,0.0,1126.57
71459,2012-01-16,6,127.16,308.0,0.0,1208.32
71459,2012-01-23,7,130.65,112.0,0.0,1298.44
71459,2012-01-30,8,118.1,12.0,0.0,1366.52
71477,2011-12-12,1,183.51,19.0,0.0,624.89
71477,2011-12-19,2,195.85,1.0,0.0,820.06
71477,2011-12-26,3,104.42,195.85,0.0,868.92
71477,2012-01-02,4,195.85,0.0,0.0,1078.62
71477,2012-01-09,5,187.49,0.0,0.0,1174.45
71477,2012-01-16,6,168.55,1.0,0.0,1249.71
71477,2012-01-23,7,179.12,1.0,0.0,1346.91
71477,2012-01-30,8,172.52,0.0,0.0,1420.94
72741,2011-12-12,1,88.3,71.0,0.0,529.68
72741,2011-12-19,2,51.98,35.0,0.0,676.19
72741,2011-12-26,3,50.33,51.98,0.0,814.83
72741,2012-01-02,4,102.43,9.0,0.0,985.2
72741,2012-01-09,5,136.7,684.0,0.0,1123.66
72741,2012-01-16,6,117.98,42.0,0.0,1199.14
72741,2012-01-23,7,132.01,241.0,0.0,1299.8
72741,2012-01-30,8,123.37,21.0,0.0,1371.79
75049L,2011-12-12,1,59.2,2.0,0.0,500.58
75049L,2011-12-19,2,69.75,0.0,0.0,693.96
75049L,2011-12-26,3,61.4,69.75,0.0,825.9
75049L,2012-01-02,4,104.13,24.0,0.0,986.9
75049L,2012-01-09,5,109.77,5.0,0.0,1096.73
75049L,2012-01-16,6,105.43,3.0,0.0,1186.59
75049L,2012-01-23,7,110.0,3.0,0.0,1277.79
75049L,2012-01-30,8,147.53,204.0,0.0,1395.95
79000,2011-12-12,1,0.0,258.0,0.0,441.38
79000,2011-12-19,2,0.0,6.0,0.0,624.21
79000,2011-12-26,3,0.0,0.0,0.0,764.5
79000,2012-01-02,4,0.0,90.0,0.0,882.77
79000,2012-01-09,5,0.0,327.0,0.0,986.96
79000,2012-01-16,6,0.0,12.0,0.0,1081.16
79000,2012-01-23,7,0.0,36.0,0.0,1167.79
79000,2012-01-30,8,0.0,219.0,0.0,1248.42
79321,2011-12-12,1,566.38,589.0,125.0,1007.76
79321,2011-12-19,2,403.68,60.0,0.0,1027.89
79321,2011-12-26,3,47.51,403.68,0.0,812.01
79321,2012-01-02,4,233.12,933.0,0.0,1115.89
79321,2012-01-09,5,312.18,175.0,0.0,1299.14
79321,2012-01-16,6,395.92,163.0,0.0,1477.08
79321,2012-01-23,7,104.71,105.0,0.0,1272.5
79321,2012-01-30,8,94.3,99.0,0.0,1342.72
82482,2011-12-12,1,142.33,262.0,0.0,583.71
82482,2011-12-19,2,64.76,19.0,0.0,688.97
82482,2011-12-26,3,150.17,64.76,0.0,914.67
82482,2012-01-02,4,133.66,101.0,0.0,1016.43
82482,2012-01-09,5,139.41,100.0,0.0,1126.37
82482,2012-01-16,6,121.73,64.0,0.0,1202.89
82482,2012-01-23,7,155.41,116.0,0.0,1323.2
82482,2012-01-30,8,133.77,179.0,0.0,1382.19
82494L,2011-12-12,1,151.98,298.0,0.0,593.36
82494L,2011-12-19,2,77.94,73.0,0.0,702.15
82494L,2011-12-26,3,90.09,77.94,0.0,854.59
82494L,2012-01-02,4,124.14,139.0,0.0,1006.91
82494L,2012-01-09,5,150.68,105.0,0.0,1137.64
82494L,2012-01-16,6,132.03,64.0,0.0,1213.19
82494L,2012-01-23,7,144.54,89.0,0.0,1312.33
82494L,2012-01-30,8,139.67,160.0,0.0,1388.09
82580,2011-12-12,1,80.81,78.0,0.0,522.19
82580,2011-12-19,2,41.33,9.0,0.0,665.54
82580,2011-12-26,3,38.84,41.33,0.0,803.34
82580,2012-01-02,4,105.96,84.0,0.0,988.73
82580,2012-01-09,5,116.16,40.0,0.0,1103.12
82580,2012-01-16,6,110.94,268.0,0.0,1192.1
82580,2012-01-23,7,114.95,69.0,0.0,1282.74
82580,2012-01-30,8,146.72,331.0,0.0,1395.14
82583,2011-12-12,1,152.49,124.0,0.0,593.87
82583,2011-12-19,2,91.85,12.0,0.0,716.06
82583,2011-12-26,3,73.4,91.85,0.0,837.9
82583,2012-01-02,4,110.7,36.0,0.0,993.47
82583,2012-01-09,5,143.67,98.0,0.0,1130.63
82583,2012-01-16,6,144.13,20.0,0.0,1225.29
82583,2012-01-23,7,135.04,76.0,0.0,1302.83
82583,2012-01-30,8,126.0,39.0,0.0,1374.42
82600,2011-12-12,1,234.4,89.0,0.0,675.78
82600,2011-12-19,2,34.04,90.0,0.0,658.25
82600,2011-12-26,3,7.08,34.04,0.0,771.58
82600,2012-01-02,4,142.42,85.0,0.0,1025.19
82600,2012-01-09,5,155.73,100.0,0.0,1142.69
82600,2012-01-16,6,188.04,22.0,0.0,1269.2
82600,2012-01-23,7,580.78,71.0,0.0,1748.57
82600,2012-01-30,8,140.48,76.0,0.0,1388.9
84077,2011-12-12,1,634.03,1173.0,192.65,1075.41
84077,2011-12-19,2,442.8,100.0,0.0,1067.01
84077,2011-12-26,3,297.09,442.8,0.0,1061.59
84077,2012-01-02,4,491.48,625.0,0.0,1374.25
84077,2012-01-09,5,358.67,289.0,0.0,1345.63
84077,2012-01-16,6,562.02,0.0,0.0,1643.18
84077,2012-01-23,7,507.69,530.0,0.0,1675.48
84077,2012-01-30,8,509.81,2837.0,0.0,1758.23
84212,2011-12-12,1,64.46,504.0,0.0,505.84
84212,2011-12-19,2,52.23,0.0,0.0,676.44
84212,2011-12-26,3,59.66,52.23,0.0,824.16
84212,2012-01-02,4,130.89,24.0,0.0,1013.66
84212,2012-01-09,5,112.67,12.0,0.0,1099.63
84212,2012-01-16,6,125.67,497.0,0.0,1206.83
84212,2012-01-23,7,111.11,0.0,0.0,1278.9
84212,2012-01-30,8,120.3,36.0,0.0,1368.72
84270,2011-12-12,1,0.0,0.0,0.0,441.38
84270,2011-12-19,2,0.0,0.0,0.0,624.21
84270,2011-12-26,3,0.0,0.0,0.0,764.5
84270,2012-01-02,4,0.0,0.0,0.0,882.77
84270,2012-01-09,5,0.0,0.0,0.0,986.96
84270,2012-01-16,6,0.0,0.0,0.0,1081.16
84270,2012-01-23,7,0.0,0.0,0.0,1167.79
84270,2012-01-30,8,0.0,0.0,0.0,1248.42
84347,2011-12-12,1,416.7,801.0,0.0,858.08
84347,2011-12-19,2,264.57,184.0,0.0,888.78
84347,2011-12-26,3,233.37,264.57,0.0,997.87
84347,2012-01-02,4,349.46,9.0,0.0,1232.23
84347,2012-01-09,5,270.34,13.0,0.0,1257.3
84347,2012-01-16,6,225.07,11.0,0.0,1306.23
84347,2012-01-23,7,205.77,1.0,0.0,1373.56
84347,2012-01-30,8,226.87,12.0,0.0,1475.29
84378,2011-12-12,1,134.79,105.0,0.0,576.17
84378,2011-12-19,2,25.8,4.0,0.0,650.01
84378,2011-12-26,3,120.02,25.8,0.0,884.52
84378,2012-01-02,4,166.72,183.0,0.0,1049.49
84378,2012-01-09,5,184.91,233.0,0.0,1171.87
84378,2012-01-16,6,255.37,415.0,0.0,1336.53
84378,2012-01-23,7,244.07,236.0,0.0,1411.86
84378,2012-01-30,8,179.25,123.0,0.0,1427.67
84568,2011-12-12,1,169.75,57.0,0.0,611.13
84568,2011-12-19,2,50.88,0.0,0.0,675.09
84568,2011-12-26,3,65.11,50.88,0.0,829.61
84568,2012-01-02,4,123.85,0.0,0.0,1006.62
84568,2012-01-09,5,168.58,24.0,0.0,1155.54
84568,2012-01-16,6,133.89,32.0,0.0,1215.05
84568,2012-01-23,7,141.7,16.0,0.0,1309.49
84568,2012-01-30,8,133.94,96.0,0.0,1382.36
84598,2011-12-12,1,64.57,24.0,0.0,505.95
84598,2011-12-19,2,85.89,13.0,0.0,710.1
84598,2011-12-26,3,131.95,85.89,0.0,896.45
84598,2012-01-02,4,86.78,0.0,0.0,969.55
84598,2012-01-09,5,147.33,6.0,0.0,1134.29
84598,2012-01-16,6,115.45,40.0,0.0,1196.61
84598,2012-01-23,7,132.79,4.0,0.0,1300.58
84598,2012-01-30,8,118.54,101.0,0.0,1366.96
84692,2011-12-12,1,115.42,238.0,0.0,556.8
84692,2011-12-19,2,60.59,239.0,0.0,684.8
84692,2011-12-26,3,57.08,60.59,0.0,821.58
84692,2012-01-02,4,135.45,245.0,0.0,1018.22
84692,2012-01-09,5,133.34,236.0,0.0,1120.3
84692,2012-01-16,6,106.21,112.0,0.0,1187.37
84692,2012-01-23,7,90.77,98.0,0.0,1258.56
84692,2012-01-30,8,86.84,22.0,0.0,1335.26
84755,2011-12-12,1,156.72,160.0,0.0,598.1
84755,2011-12-19,2,52.97,8.0,0.0,677.18
84755,2011-12-26,3,83.81,52.97,0.0,848.31
84755,2012-01-02,4,135.9,208.0,0.0,1018.67
84755,2012-01-09,5,138.64,56.0,0.0,1125.6
84755,2012-01-16,6,145.57,216.0,0.0,1226.73
84755,2012-01-23,7,126.52,84.0,0.0,1294.31
84755,2012-01-30,8,134.65,48.0,0.0,1383.07
84836,2011-12-12,1,116.93,203.0,0.0,558.31
84836,2011-12-19,2,59.89,98.0,0.0,684.1
84836,2011-12-26,3,63.31,59.89,0.0,827.81
84836,2012-01-02,4,101.57,45.0,0.0,984.34
84836,2012-01-09,5,114.46,153.0,0.0,1101.42
84836,2012-01-16,6,102.92,18.0,0.0,1184.08
84836,2012-01-23,7,106.97,101.0,0.0,1274.76
84836,2012-01-30,8,127.22,40.0,0.0,1375.64
84879,2011-12-12,1,606.37,638.0,164.99,1047.75
84879,2011-12-19,2,440.27,40.0,0.0,1064.48
84879,2011-12-26,3,325.57,440.27,0.0,1090.07
84879,2012-01-02,4,615.33,472.0,0.0,1498.1
84879,2012-01-09,5,484.21,434.0,0.0,1471.17
84879,2012-01-16,6,573.84,139.0,0.0,1655.0
84879,2012-01-23,7,522.42,336.0,0.0,1690.21
84879,2012-01-30,8,569.33,937.0,0.0,1817.75
84945,2011-12-12,1,295.96,362.0,0.0,737.34
84945,2011-12-19,2,110.92,53.0,0.0,735.13
84945,2011-12-26,3,113.89,110.92,0.0,878.39
84945,2012-01-02,4,236.23,252.0,0.0,1119.0
84945,2012-01-09,5,221.53,24.0,0.0,1208.49
84945,2012-01-16,6,189.64,48.0,0.0,1270.8
84945,2012-01-23,7,184.62,80.0,0.0,1352.41
84945,2012-01-30,8,196.19,78.0,0.0,1444.61
84946,2011-12-12,1,395.57,646.0,0.0,836.95
84946,2011-12-19,2,236.09,85.0,0.0,860.3
84946,2011-12-26,3,241.56,236.09,0.0,1006.06
84946,2012-01-02,4,285.05,328.0,0.0,1167.82
84946,2012-01-09,5,261.82,97.0,0.0,1248.78
84946,2012-01-16,6,274.74,231.0,0.0,1355.9
84946,2012-01-23,7,327.85,129.0,0.0,1495.64
84946,2012-01-30,8,284.65,160.0,0.0,1533.07
84947,2011-12-12,1,165.23,231.0,0.0,606.61
84947,2011-12-19,2,65.45,14.0,0.0,689.66
84947,2011-12-26,3,55.65,65.45,0.0,820.15
84947,2012-01-02,4,153.48,111.0,0.0,1036.25
84947,2012-01-09,5,145.4,109.0,0.0,1132.36
84947,2012-01-16,6,152.76,162.0,0.0,1233.92
84947,2012-01-23,7,138.67,14.0,0.0,1306.46
84947,2012-01-30,8,151.3,48.0,0.0,1399.72
84949,2011-12-12,1,171.07,499.0,0.0,612.45
84949,2011-12-19,2,67.14,13.0,0.0,691.35
84949,2011-12-26,3,41.26,67.14,0.0,805.76
84949,2012-01-02,4,125.27,54.0,0.0,1008.04
84949,2012-01-09,5,145.93,25.0,0.0,1132.89
84949,2012-01-16,6,115.97,33.0,0.0,1197.13
84949,2012-01-23,7,132.6,21.0,0.0,1300.39
84949,2012-01-30,8,144.97,114.0,0.0,1393.39
84970L,2011-12-12,1,93.0,175.0,0.0,534.38
84970L,2011-12-19,2,45.89,4.0,0.0,670.1
84970L,2011-12-26,3,63.79,45.89,0.0,828.29
84970L,2012-01-02,4,98.74,83.0,0.0,981.51
84970L,2012-01-09,5,89.82,122.0,0.0,1076.78
84970L,2012-01-16,6,84.93,65.0,0.0,1166.09
84970L,2012-01-23,7,91.07,62.0,0.0,1258.86
84970L,2012-01-30,8,96.89,49.0,0.0,1345.31
84970S,2011-12-12,1,114.66,213.0,0.0,556.04
84970S,2011-12-19,2,43.1,62.0,0.0,667.31
84970S,2011-12-26,3,55.64,43.1,0.0,820.14
84970S,2012-01-02,4,111.55,99.0,0.0,994.32
84970S,2012-01-09,5,140.99,111.0,0.0,1127.95
84970S,2012-01-16,6,138.78,361.0,0.0,1219.94
84970S,2012-01-23,7,136.36,105.0,0.0,1304.15
84970S,2012-01-30,8,139.99,179.0,0.0,1388.41
84978,2011-12-12,1,152.36,142.0,0.0,593.74
84978,2011-12-19,2,55.98,0.0,0.0,680.19
84978,2011-12-26,3,70.79,55.98,0.0,835.29
84978,2012-01-02,4,121.83,82.0,0.0,1004.6
84978,2012-01-09,5,153.46,221.0,0.0,1140.42
84978,2012-01-16,6,142.79,281.0,0.0,1223.95
84978,2012-01-23,7,148.78,211.0,0.0,1316.57
84978,2012-01-30,8,158.89,167.0,0.0,1407.31
84991,2011-12-12,1,202.99,428.0,0.0,644.37
84991,2011-12-19,2,133.74,607.0,0.0,757.95
84991,2011-12-26,3,107.35,133.74,0.0,871.85
84991,2012-01-02,4,189.71,170.0,0.0,1072.48
84991,2012-01-09,5,187.12,293.0,0.0,1174.08
84991,2012-01-16,6,187.44,274.0,0.0,1268.6
84991,2012-01-23,7,172.18,172.0,0.0,1339.97
84991,2012-01-30,8,179.67,385.0,0.0,1428.09
84992,2011-12-12,1,140.52,431.0,0.0,581.9
84992,2011-12-19,2,102.39,723.0,0.0,726.6
84992,2011-12-26,3,89.05,102.39,0.0,853.55
84992,2012-01-02,4,143.98,237.0,0.0,1026.75
84992,2012-01-09,5,156.08,265.0,0.0,1143.04
84992,2012-01-16,6,153.78,406.0,0.0,1234.94
84992,2012-01-23,7,150.43,375.0,0.0,1318.22
84992,2012-01-30,8,173.9,374.0,0.0,1422.32
85099B,2011-12-12,1,918.55,427.0,477.17,1359.93
85099B,2011-12-19,2,341.5,180.0,0.0,965.71
85099B,2011-12-26,3,282.53,341.5,0.0,1047.03
85099B,2012-01-02,4,830.31,1374.0,0.0,1713.08
85099B,2012-01-09,5,564.44,225.0,0.0,1551.4
85099B,2012-01-16,6,506.63,594.0,0.0,1587.79
85099B,2012-01-23,7,759.69,502.0,0.0,1927.48
85099B,2012-01-30,8,623.09,965.0,0.0,1871.51
85099C,2011-12-12,1,179.26,137.0,0.0,620.64
85099C,2011-12-19,2,59.45,117.0,0.0,683.66
85099C,2011-12-26,3,47.13,59.45,0.0,811.63
85099C,2012-01-02,4,192.3,507.0,0.0,1075.07
85099C,2012-01-09,5,178.04,76.0,0.0,1165.0
85099C,2012-01-16,6,135.42,68.0,0.0,1216.58
85099C,2012-01-23,7,161.11,211.0,0.0,1328.9
85099C,2012-01-30,8,148.46,226.0,0.0,1396.88
85099F,2011-12-12,1,93.77,229.0,0.0,535.15
85099F,2011-12-19,2,88.56,11.0,0.0,712.77
85099F,2011-12-26,3,44.36,88.56,0.0,808.86
85099F,2012-01-02,4,160.08,703.0,0.0,1042.85
85099F,2012-01-09,5,182.47,349.0,0.0,1169.43
85099F,2012-01-16,6,146.96,269.0,0.0,1228.12
85099F,2012-01-23,7,121.23,93.0,0.0,1289.02
85099F,2012-01-30,8,147.35,381.0,0.0,1395.77
85110,2011-12-12,1,0.0,0.0,0.0,441.38
85110,2011-12-19,2,0.0,0.0,0.0,624.21
85110,2011-12-26,3,0.0,0.0,0.0,764.5
85110,2012-01-02,4,0.0,0.0,0.0,882.77
85110,2012-01-09,5,0.0,0.0,0.0,986.96
85110,2012-01-16,6,0.0,0.0,0.0,1081.16
85110,2012-01-23,7,0.0,0.0,0.0,1167.79
85110,2012-01-30,8,0.0,0.0,0.0,1248.42
85123A,2011-12-12,1,751.75,1529.0,310.37,1193.13
85123A,2011-12-19,2,499.06,198.0,0.0,1123.27
85123A,2011-12-26,3,467.66,499.06,0.0,1232.16
85123A,2012-01-02,4,551.11,973.0,0.0,1433.88
85123A,2012-01-09,5,439.61,3328.0,0.0,1426.57
85123A,2012-01-16,6,572.76,659.0,0.0,1653.92
85123A,2012-01-23,7,629.92,544.0,0.0,1797.71
85123A,2012-01-30,8,674.26,588.0,0.0,1922.68
85152,2011-12-12,1,276.72,415.0,0.0,718.1
85152,2011-12-19,2,97.9,42.0,0.0,722.11
85152,2011-12-26,3,79.64,97.9,0.0,844.14
85152,2012-01-02,4,200.7,54.0,0.0,1083.47
85152,2012-01-09,5,227.16,10.0,0.0,1214.12
85152,2012-01-16,6,190.28,88.0,0.0,1271.44
85152,2012-01-23,7,179.57,56.0,0.0,1347.36
85152,2012-01-30,8,199.48,111.0,0.0,1447.9
85175,2011-12-12,1,40.21,48.0,0.0,481.59
85175,2011-12-19,2,19.59,0.0,0.0,643.8
85175,2011-12-26,3,63.3,19.59,0.0,827.8
85175,2012-01-02,4,66.23,288.0,0.0,949.0
85175,2012-01-09,5,105.29,48.0,0.0,1092.25
85175,2012-01-16,6,73.83,32.0,0.0,1154.99
85175,2012-01-23,7,81.19,18.0,0.0,1248.98
85175,2012-01-30,8,78.39,161.0,0.0,1326.81
85220,2011-12-12,1,0.0,0.0,0.0,441.38
85220,2011-12-19,2,0.0,0.0,0.0,624.21
85220,2011-12-26,3,0.0,0.0,0.0,764.5
85220,2012-01-02,4,0.0,0.0,0.0,882.77
85220,2012-01-09,5,0.0,0.0,0.0,986.96
85220,2012-01-16,6,0.0,0.0,0.0,1081.16
85220,2012-01-23,7,0.0,0.0,0.0,1167.79
85220,2012-01-30,8,0.0,0.0,0.0,1248.42
